-- Adminer 4.8.1 MySQL 10.6.14-MariaDB dump

SET NAMES utf8;
SET time_zone = '+00:00';
SET foreign_key_checks = 0;
SET sql_mode = 'NO_AUTO_VALUE_ON_ZERO';

DROP TABLE IF EXISTS `ag_description`;
CREATE TABLE `ag_description` (
  `ID_AG_description` int(10) unsigned NOT NULL AUTO_INCREMENT,
  `description` varchar(50) NOT NULL COMMENT 'Si ORF_function=AG',
  PRIMARY KEY (`ID_AG_description`)
) ENGINE=InnoDB DEFAULT CHARSET=latin1 COLLATE=latin1_general_ci;

INSERT INTO `ag_description` (`ID_AG_description`, `description`) VALUES
(1,	'IS21 helper'),
(2,	'TnpB'),
(3,	'IS66 TnpA'),
(4,	'IS66 TnpB'),
(5,	'IS91 integrase/resolvase'),
(6,	'Tn3 resolvase'),
(7,	'other');

DROP TABLE IF EXISTS `base`;
CREATE TABLE `base` (
  `ID_Base` int(10) unsigned NOT NULL AUTO_INCREMENT,
  `Base_Name` varchar(20) NOT NULL,
  PRIMARY KEY (`ID_Base`)
) ENGINE=InnoDB DEFAULT CHARSET=latin1 COLLATE=latin1_swedish_ci;

INSERT INTO `base` (`ID_Base`, `Base_Name`) VALUES
(1,	'ISSub'),
(2,	'ISWait'),
(3,	'ISTrash');

DROP TABLE IF EXISTS `current_names`;
CREATE TABLE `current_names` (
  `ID_Current_names` int(10) unsigned NOT NULL AUTO_INCREMENT,
  `nom_type_ID_nom_type` int(10) unsigned NOT NULL,
  `ET_name` varchar(20) NOT NULL,
  `organism` tinyint(1) NOT NULL DEFAULT 1 COMMENT 'Bacteria=1,Metagenomic=2,Virus=3',
  `comments` varchar(128) DEFAULT NULL COMMENT 'raison pour la non utilisation du nom de l''IS',
  PRIMARY KEY (`ID_Current_names`),
  KEY `nom_type_ID_nom_type` (`nom_type_ID_nom_type`),
  CONSTRAINT `current_names_ibfk_1` FOREIGN KEY (`nom_type_ID_nom_type`) REFERENCES `nom_type` (`ID_nom_type`) ON UPDATE CASCADE
) ENGINE=InnoDB DEFAULT CHARSET=latin1 COLLATE=latin1_swedish_ci;


DROP TABLE IF EXISTS `element_transposable`;
CREATE TABLE `element_transposable` (
  `ID_ET` int(10) unsigned NOT NULL AUTO_INCREMENT,
  `Groups_ID_Groups` varchar(20) CHARACTER SET latin1 COLLATE latin1_swedish_ci DEFAULT NULL,
  `Family_ID_Family` varchar(20) CHARACTER SET latin1 COLLATE latin1_swedish_ci DEFAULT NULL,
  `type_element_transposable_ID_Type_ET` int(10) unsigned DEFAULT NULL,
  `base_ID_Base` int(10) unsigned NOT NULL DEFAULT 1,
  `ET_Accession_number` varchar(20) CHARACTER SET latin1 COLLATE latin1_swedish_ci DEFAULT NULL,
  `ET_name` varchar(20) CHARACTER SET latin1 COLLATE latin1_swedish_ci NOT NULL,
  `ET_Length` int(10) unsigned DEFAULT NULL,
  `ET_partial` tinyint(1) NOT NULL DEFAULT 0 COMMENT '0=IS complet ; 1=IS partiel',
  `ET_DNA_Sequence` longtext CHARACTER SET latin1 COLLATE latin1_swedish_ci DEFAULT NULL,
  `Transposition` enum('Y','N','ND') CHARACTER SET latin1 COLLATE latin1_swedish_ci DEFAULT NULL,
  `ET_Blast_Result` text CHARACTER SET latin1 COLLATE latin1_swedish_ci DEFAULT NULL,
  `ET_Comments` text DEFAULT NULL,
  `ET_Private_comments` text DEFAULT NULL COMMENT 'réservé aux gestionnire ISFinder',
  `ET_Reference` text DEFAULT NULL COMMENT 'publications',
  `ID_iso` varchar(20) DEFAULT NULL,
  `recode` enum('frameshift','selenocysteine','pyrrolysine') DEFAULT NULL COMMENT 'type de recodage',
  `frame` enum('-1','+1') DEFAULT NULL,
  `type` enum('translational','transcriptional','unknow') DEFAULT NULL,
  `recoding_seq` text CHARACTER SET latin1 COLLATE latin1_swedish_ci DEFAULT NULL,
  `recoding_annot` text CHARACTER SET latin1 COLLATE latin1_swedish_ci DEFAULT NULL,
  `SD` enum('Yes','No') CHARACTER SET latin1 COLLATE latin1_swedish_ci DEFAULT NULL,
  `structure` enum('No-structure','stem-loop','pseudoknot') CHARACTER SET latin1 COLLATE latin1_swedish_ci DEFAULT NULL,
  `exp_demontred` enum('Yes','No') CHARACTER SET latin1 COLLATE latin1_swedish_ci DEFAULT NULL COMMENT 'Experimentalement demontré',
  `recoding_image` varchar(30) CHARACTER SET latin1 COLLATE latin1_swedish_ci DEFAULT NULL COMMENT 'image de la structure de recodage',
  UNIQUE KEY `ID_ET` (`ID_ET`),
  KEY `Element_transposable_FKIndex2` (`Family_ID_Family`),
  KEY `Element_transposable_FKIndex3` (`Groups_ID_Groups`),
  KEY `type_element_transposable_ID_Type_ET` (`type_element_transposable_ID_Type_ET`),
  KEY `base_ID_Base` (`base_ID_Base`),
  CONSTRAINT `element_transposable_ibfk_1` FOREIGN KEY (`base_ID_Base`) REFERENCES `base` (`ID_Base`) ON UPDATE CASCADE
) ENGINE=InnoDB DEFAULT CHARSET=utf8mb3 COLLATE=utf8mb3_general_ci;


DROP TABLE IF EXISTS `element_transposable_has_host`;
CREATE TABLE `element_transposable_has_host` (
  `Element_transposable_ID_ET` int(10) unsigned NOT NULL,
  `Host_ID_host` int(10) unsigned NOT NULL,
  `Origin` tinyint(1) NOT NULL DEFAULT 0 COMMENT 'si c l origine =1',
  PRIMARY KEY (`Element_transposable_ID_ET`,`Host_ID_host`),
  KEY `ORF_has_ORF_Modification_FKIndex1` (`Element_transposable_ID_ET`),
  KEY `ORF_has_ORF_Modification_FKIndex2` (`Host_ID_host`),
  CONSTRAINT `element_transposable_has_host_ibfk_1` FOREIGN KEY (`Element_transposable_ID_ET`) REFERENCES `element_transposable` (`ID_ET`) ON UPDATE CASCADE,
  CONSTRAINT `element_transposable_has_host_ibfk_3` FOREIGN KEY (`Element_transposable_ID_ET`) REFERENCES `element_transposable` (`ID_ET`) ON DELETE CASCADE ON UPDATE CASCADE,
  CONSTRAINT `element_transposable_has_host_ibfk_4` FOREIGN KEY (`Host_ID_host`) REFERENCES `host` (`ID_host`) ON DELETE CASCADE ON UPDATE CASCADE
) ENGINE=InnoDB DEFAULT CHARSET=latin1 COLLATE=latin1_swedish_ci;


DROP TABLE IF EXISTS `et_insertion_site`;
CREATE TABLE `et_insertion_site` (
  `ID_ET_Insertion_Site` int(10) unsigned NOT NULL AUTO_INCREMENT,
  `Element_transposable_ID_ET` int(10) unsigned NOT NULL,
  `Direct_Repeat` varchar(120) DEFAULT NULL COMMENT 'sequence répétée autour de l''IS',
  `Direct_Repeat_Length` int(10) unsigned DEFAULT 0 COMMENT 'longueur de la répétition',
  `DR_Left_Flank` varchar(50) DEFAULT NULL COMMENT 'séquence à gauche de la répétition',
  `DR_Rigth_Flank` varchar(50) DEFAULT NULL COMMENT 'séquence à droite de la répétition',
  `LE_CS` varchar(20) DEFAULT NULL COMMENT 'site de clivage gauche',
  `RE_CS` varchar(20) DEFAULT NULL COMMENT 'site de clivage droit',
  `LE_CS_Left_Flank` varchar(50) DEFAULT NULL COMMENT 'séquence à gauche du site de clivage',
  `RE_CS_Rigth_Flank` varchar(50) DEFAULT NULL COMMENT 'séquence à droite du site de clivage droit',
  PRIMARY KEY (`ID_ET_Insertion_Site`),
  KEY `ET_Insertion_site_FKIndex1` (`Element_transposable_ID_ET`),
  CONSTRAINT `et_insertion_site_ibfk_1` FOREIGN KEY (`Element_transposable_ID_ET`) REFERENCES `element_transposable` (`ID_ET`) ON DELETE CASCADE ON UPDATE CASCADE,
  CONSTRAINT `et_insertion_site_ibfk_2` FOREIGN KEY (`Element_transposable_ID_ET`) REFERENCES `element_transposable` (`ID_ET`) ON DELETE CASCADE ON UPDATE CASCADE
) ENGINE=InnoDB DEFAULT CHARSET=latin1 COLLATE=latin1_swedish_ci;


DROP TABLE IF EXISTS `family`;
CREATE TABLE `family` (
  `ID_Family` int(10) unsigned NOT NULL AUTO_INCREMENT,
  `Family_Name` varchar(20) NOT NULL,
  PRIMARY KEY (`ID_Family`)
) ENGINE=InnoDB DEFAULT CHARSET=latin1 COLLATE=latin1_swedish_ci;

INSERT INTO `family` (`ID_Family`, `Family_Name`) VALUES
(1,	'IS1'),
(2,	'IS110'),
(3,	'IS1182'),
(4,	'IS1380'),
(5,	'IS1595'),
(6,	'IS200/IS605'),
(7,	'IS21'),
(8,	'IS3'),
(9,	'IS4'),
(10,	'IS481'),
(11,	'IS5'),
(12,	'IS607'),
(13,	'IS66'),
(14,	'IS701'),
(15,	'ISNCY'),
(16,	'Tn3'),
(17,	'ISH3'),
(18,	'IS1634'),
(19,	'IS6'),
(20,	'IS30'),
(21,	'IS91'),
(22,	'IS256'),
(23,	'IS630'),
(24,	'IS982'),
(25,	'ISAs1'),
(26,	'ISL3'),
(27,	'ISAzo13'),
(28,	'ISLre2'),
(29,	'ISH6'),
(30,	'ISCR'),
(31,	'ISKra4'),
(32,	'IS1202');

DROP TABLE IF EXISTS `groups`;
CREATE TABLE `groups` (
  `ID_Groups` int(10) unsigned NOT NULL AUTO_INCREMENT,
  `Family_ID_Family` int(10) unsigned NOT NULL,
  `Group_Name` varchar(20) NOT NULL,
  PRIMARY KEY (`ID_Groups`),
  KEY `Groups_FKIndex1` (`Family_ID_Family`)
) ENGINE=InnoDB DEFAULT CHARSET=latin1 COLLATE=latin1_swedish_ci;

INSERT INTO `groups` (`ID_Groups`, `Family_ID_Family`, `Group_Name`) VALUES
(1,	1,	'ISMhu11'),
(2,	2,	'IS1111'),
(3,	4,	'IS942'),
(4,	5,	'ISH4'),
(5,	5,	'ISSod11'),
(6,	5,	'ISPna2'),
(7,	5,	'ISNwi1'),
(8,	5,	'ISNha5'),
(9,	5,	'IS1595'),
(10,	5,	'IS1016'),
(11,	6,	'IS200'),
(12,	6,	'IS1341'),
(13,	8,	'IS2'),
(14,	8,	'IS150'),
(15,	8,	'IS3'),
(16,	8,	'IS407'),
(17,	8,	'IS51'),
(18,	9,	'IS50'),
(19,	9,	'IS231'),
(20,	9,	'IS10'),
(21,	9,	'IS4'),
(22,	9,	'ISPepr1'),
(23,	9,	'IS4Sa'),
(24,	9,	'ISH8'),
(25,	11,	'IS903'),
(26,	11,	'IS427'),
(27,	11,	'IS5'),
(28,	11,	'ISL2'),
(29,	11,	'IS1031'),
(30,	11,	'ISH1'),
(32,	13,	'ISBst12'),
(33,	15,	'ISLbi1'),
(34,	15,	'ISC1217'),
(35,	15,	'ISA1214'),
(36,	15,	'ISDol1'),
(38,	15,	'IS892'),
(39,	15,	'ISMae2'),
(40,	32,	'IS1202'),
(41,	15,	'ISPlu15'),
(42,	15,	'ISM1'),
(43,	22,	'IS1249'),
(44,	22,	'ISC1250'),
(45,	31,	'ISMich2'),
(46,	31,	'ISKra4'),
(47,	31,	'ISAzba1'),
(48,	14,	'ISAba11'),
(49,	6,	'IS605'),
(50,	15,	'ISFsi2 '),
(51,	32,	'ISAba32'),
(52,	32,	'ISTde1'),
(53,	6,	'IStron');

DROP TABLE IF EXISTS `host`;
CREATE TABLE `host` (
  `ID_host` int(10) unsigned NOT NULL AUTO_INCREMENT,
  `Taxonomy` int(10) unsigned DEFAULT NULL,
  `Host` varchar(80) CHARACTER SET latin1 COLLATE latin1_swedish_ci NOT NULL,
  `Bacteria_group` varchar(45) CHARACTER SET latin1 COLLATE latin1_swedish_ci DEFAULT NULL,
  `Plasmid` varchar(25) CHARACTER SET latin1 COLLATE latin1_swedish_ci DEFAULT NULL COMMENT 'Nom du plasmide',
  PRIMARY KEY (`ID_host`)
) ENGINE=InnoDB DEFAULT CHARSET=utf8mb3 COLLATE=utf8mb3_general_ci;


DROP TABLE IF EXISTS `is_ends`;
CREATE TABLE `is_ends` (
  `ID_IS_Ends` int(10) unsigned NOT NULL AUTO_INCREMENT,
  `Element_transposable_ID_ET` int(10) unsigned NOT NULL,
  `Left_End` varchar(50) DEFAULT NULL COMMENT '50 1er nucléotides des IS ayant des inverted repeat',
  `Rigth_End` varchar(50) DEFAULT NULL COMMENT 'le reverse complément des 50 derniers nucléotides des IS ayant des inverted repeat',
  `IR_Length` varchar(20) DEFAULT NULL,
  `LE` varchar(100) DEFAULT NULL COMMENT '100 1er nucl.des IS n''ayant pas d''IR',
  `LE_Structure_II` tinyint(1) DEFAULT 0,
  `RE` varchar(100) DEFAULT NULL COMMENT '100 derniers nucl.des IS n''ayant pas d''IR',
  `RE_Structure_II` tinyint(1) DEFAULT 0,
  `Ends_comments` varchar(255) DEFAULT NULL,
  PRIMARY KEY (`ID_IS_Ends`),
  KEY `IS_Ends_FKIndex1` (`Element_transposable_ID_ET`),
  CONSTRAINT `is_ends_ibfk_1` FOREIGN KEY (`Element_transposable_ID_ET`) REFERENCES `element_transposable` (`ID_ET`) ON DELETE CASCADE ON UPDATE CASCADE,
  CONSTRAINT `is_ends_ibfk_2` FOREIGN KEY (`Element_transposable_ID_ET`) REFERENCES `element_transposable` (`ID_ET`) ON DELETE CASCADE ON UPDATE CASCADE
) ENGINE=InnoDB DEFAULT CHARSET=latin1 COLLATE=latin1_swedish_ci;


DROP TABLE IF EXISTS `name_attribution`;
CREATE TABLE `name_attribution` (
  `current_names_ID_Current_names` int(10) unsigned NOT NULL,
  `submiters_ID_submiter` int(10) unsigned NOT NULL,
  `date_demande` date NOT NULL,
  `date_attribution` date DEFAULT NULL,
  `Qui` varchar(10) NOT NULL COMMENT 'x=ISfinder ; r=renommé ; '' ''=auto-attribué',
  PRIMARY KEY (`current_names_ID_Current_names`,`submiters_ID_submiter`),
  KEY `current_names_ID_Current_names` (`current_names_ID_Current_names`),
  KEY `submiters_ID_submiter` (`submiters_ID_submiter`),
  CONSTRAINT `name_attribution_ibfk_1` FOREIGN KEY (`current_names_ID_Current_names`) REFERENCES `current_names` (`ID_Current_names`) ON UPDATE CASCADE,
  CONSTRAINT `name_attribution_ibfk_3` FOREIGN KEY (`current_names_ID_Current_names`) REFERENCES `current_names` (`ID_Current_names`) ON UPDATE CASCADE,
  CONSTRAINT `name_attribution_ibfk_5` FOREIGN KEY (`submiters_ID_submiter`) REFERENCES `submiters` (`ID_Submiter`) ON DELETE CASCADE ON UPDATE CASCADE,
  CONSTRAINT `name_attribution_ibfk_6` FOREIGN KEY (`submiters_ID_submiter`) REFERENCES `submiters` (`ID_Submiter`) ON UPDATE CASCADE
) ENGINE=InnoDB DEFAULT CHARSET=latin1 COLLATE=latin1_swedish_ci;


DROP TABLE IF EXISTS `nom_type`;
CREATE TABLE `nom_type` (
  `ID_nom_type` int(10) unsigned NOT NULL AUTO_INCREMENT,
  `type_element_transposable_ID_Type_ET` int(10) unsigned DEFAULT NULL,
  `bact_origin` varchar(80) NOT NULL,
  `new_taxo` varchar(80) DEFAULT NULL COMMENT 'quand la bact. a changé de nom',
  `nomType` varchar(20) CHARACTER SET latin1 COLLATE latin1_swedish_ci DEFAULT NULL,
  `comment` varchar(100) DEFAULT NULL,
  PRIMARY KEY (`ID_nom_type`),
  KEY `type_element_transposable_ID_Type_ET` (`type_element_transposable_ID_Type_ET`),
  CONSTRAINT `nom_type_ibfk_1` FOREIGN KEY (`type_element_transposable_ID_Type_ET`) REFERENCES `type_element_transposable` (`ID_Type_ET`) ON DELETE SET NULL ON UPDATE CASCADE
) ENGINE=InnoDB DEFAULT CHARSET=utf8mb3 COLLATE=utf8mb3_general_ci;

INSERT INTO `nom_type` (`ID_nom_type`, `type_element_transposable_ID_Type_ET`, `bact_origin`, `new_taxo`, `nomType`, `comment`) VALUES
(1,	1,	'Abiotrophia defectiva',	'',	'ISAbde',	''),
(2,	1,	'Acaryochloris marina',	'',	'ISAcma',	''),
(3,	1,	'Acaryochloris sp.',	'',	'ISAcas',	''),
(4,	1,	'Acetivibrio cellulolyticus',	'',	'ISAcce',	''),
(5,	1,	'Acetobacter aceti',	'',	'ISAcac',	''),
(6,	1,	'Acetobacter pasteurianus',	'',	'ISApa',	''),
(7,	1,	'Acetobacter xylinum',	'',	'ISAxy',	''),
(8,	1,	'Acetohalobium arabaticum',	'',	'ISAcar',	''),
(9,	1,	'Acholeplasma laidlawii',	'',	'ISAla',	''),
(10,	1,	'Achromobacter sp',	'',	'ISAch',	''),
(11,	1,	'Acidimicrobium ferrooxidans',	'',	'ISAcfe',	''),
(12,	1,	'Acidiphilium cryptum',	'',	'ISAcr',	''),
(13,	1,	'Acidithiobacillus caldus',	'',	'ISAct',	''),
(14,	1,	'Acidithiobacillus ferrivorans',	'',	'ISAcif',	''),
(15,	1,	'Acidithiobacillus ferrooxidans',	'',	'ISAfe',	''),
(16,	1,	'Acidobacteria bacterium',	'',	'ISAbc',	''),
(17,	1,	'Acidobacterium capsulatum',	'',	'ISAcp',	''),
(18,	1,	'Acidothermus cellulolyticus',	'',	'ISAce',	''),
(19,	1,	'Acidovorax avenae',	'',	'ISAav',	''),
(20,	1,	'Acidovorax sp.',	'',	'ISAisp',	''),
(21,	1,	'Acinetobacter baumannii',	'',	'ISAba',	''),
(22,	1,	'Acinetobacter calcoaceticus',	'',	'ISAca',	''),
(23,	1,	'Acinetobacter haemolyticus',	'',	'ISAha',	''),
(24,	1,	'Acinetobacter johnsonii',	'',	'ISAjo',	''),
(25,	1,	'Acinetobacter lwoffii',	'',	'ISAlw',	''),
(26,	1,	'Acinetobacter radioresistens',	'',	'ISAcra',	''),
(27,	1,	'Acinetobacter sp.',	'',	'ISAcsp',	''),
(28,	1,	'Aeromonas media',	'',	'ISAeme',	''),
(29,	1,	'Aggregatibacter actinomycetemcomitans',	'',	'ISAac',	''),
(30,	1,	'Actinobacillus actinomycetemcomitans',	'Aggregatibacter actinomycetemcomitans',	'ISAac',	''),
(31,	1,	'Actinobacillus pleuropneumoniae',	'',	'ISApl',	''),
(32,	1,	'Actinobaculum massiliae',	'',	'ISAmas',	''),
(33,	1,	'Actinomyces odontolyticus',	'',	'ISAod',	''),
(34,	1,	'Actinomyces turicensis',	'',	'ISActu',	''),
(35,	1,	'Actinosynnema mirum',	'',	'ISAmi',	''),
(36,	1,	'Aeromonas caviae',	'',	'ISAeca',	''),
(37,	1,	'Aeromonas hydrophila',	'',	'ISAhy',	''),
(38,	1,	'Aeromonas punctata',	'',	'ISApu',	''),
(39,	1,	'Aeromonas rivuli',	'',	'ISAri',	''),
(40,	1,	'Aeromonas veronii',	'',	'ISAve',	''),
(41,	1,	'Aeromonas salmonicida',	'',	'ISAs',	''),
(42,	1,	'Aeromonas sp.',	'',	'ISAesp',	''),
(43,	1,	'Agrobacterium radiobacter',	'',	'ISAra',	''),
(44,	1,	'Agrobacterium rhizogenes',	'',	'ISAr',	''),
(45,	1,	'Agrobacterium sp.',	'',	'ISAgsp',	''),
(46,	1,	'Agrobacterium tumefaciens',	'',	'ISAtu',	''),
(47,	1,	'Agrobacterium vitis',	'',	'ISAvi',	''),
(48,	1,	'Akkermansia muciniphila',	'',	'ISAmu',	''),
(49,	1,	'Alcaligenes eutropha',	'',	'ISRme',	''),
(50,	1,	'Alcaligenes sp.',	'',	'ISAlsp',	''),
(51,	1,	'Alcanivorax borkumensis',	'',	'ISAbo',	''),
(52,	1,	'Alicyclobacillus acidocaldarius',	'',	'ISAlac',	''),
(53,	1,	'Alkalilimnicola ehrlichei',	'',	'ISAeh',	''),
(54,	1,	'Alkaliphilus metalliredigens',	'',	'ISAme',	''),
(55,	1,	'Alloiococcus otitis',	'',	'ISAot',	''),
(56,	1,	'Alpha proteobacterium',	'',	'ISApr',	''),
(57,	1,	'Alteromonas macleodii',	'',	'ISAma',	''),
(58,	1,	'Ammonifex degensii',	'',	'ISAmde',	''),
(59,	1,	'Anabaena sp.',	'',	'ISAsp',	''),
(60,	1,	'Anabaena variabilis',	'',	'ISAva',	''),
(61,	1,	'Anaerobaculum hydrogeniformans',	'',	'ISAnhy',	''),
(62,	1,	'Anaerobaculum mobile',	'',	'ISAmo',	''),
(63,	1,	'Anaeromyxobacter dehalogenans',	'',	'ISAde',	''),
(64,	1,	'Anaeromyxobacter sp.',	'',	'ISAnsp',	''),
(65,	1,	'Anaerostipes coli',	'',	'ISAco',	''),
(66,	1,	'Anoxybacillus flavithermus',	'',	'ISAfl',	''),
(67,	1,	'Aquifex aeolicus',	'',	'ISAae',	''),
(68,	1,	'Archaeoglobus fulgidus',	'',	'ISA',	'Predefined common nomenclature'),
(69,	1,	'Uncultured Archeon',	'',	'ISArch',	''),
(70,	1,	'Arthrobacter arilaitensis',	'',	'ISAar',	''),
(71,	1,	'Arthrobacter aurescens',	'',	'ISAau',	''),
(72,	1,	'Arthrobacter chlorophenolicus',	'',	'ISAcl',	''),
(73,	1,	'Arthrobacter nicotinovorans',	'',	'ISAni',	''),
(74,	1,	'Arthrobacter sp.',	'',	'ISArsp',	''),
(75,	1,	'Arthrospira maxima',	'',	'ISArma',	''),
(76,	1,	'Arthrospira sp.',	'',	'ISAtsp',	''),
(77,	1,	'Aurantimonas sp.',	'',	'ISAusp',	''),
(78,	1,	'Azoarcus sp.',	'',	'ISAzo',	''),
(79,	1,	'Azorhizobium caulinodans',	'',	'ISAzca',	''),
(80,	1,	'Azospirillum brasilense',	'',	'ISAzba',	''),
(81,	1,	'Azospirillum lipoferum',	'',	'ISAli',	''),
(82,	1,	'Azospirillum sp.',	'',	'ISAzs',	''),
(83,	1,	'Azotobacter sp.',	'',	'ISAzsp',	''),
(84,	1,	'Azotobacter vinelandii',	'',	'ISAzvi',	''),
(85,	1,	'Bacillus amyloliquefaciens',	'',	'ISBamy',	''),
(86,	1,	'Bacillus anthracis',	'',	'ISBan',	''),
(87,	1,	'Bacillus cereus',	'',	'ISBce',	''),
(88,	1,	'Bacillus clausei',	'',	'ISBcl',	''),
(89,	1,	'Bacillus coagulans',	'',	'ISBco',	''),
(90,	1,	'Bacillus coahuilensis',	'',	'ISBch',	''),
(91,	1,	'Bacillus cytotoxicus',	'',	'ISBcy',	''),
(92,	1,	'Bacillus halodurans',	'',	'ISBha',	''),
(93,	1,	'Bacillus licheniformis',	'',	'ISBali',	''),
(94,	1,	'Bacillus megaterium',	'',	'ISBame',	''),
(95,	1,	'Bacillus pseudofirmus',	'',	'ISBpse',	''),
(96,	1,	'Bacillus pseudomycoides',	'',	'ISBaps',	''),
(97,	1,	'Bacillus pumilus',	'',	'ISBpu',	''),
(98,	1,	'Bacillus selenitireducens',	'',	'ISBse',	''),
(99,	1,	'Bacillus smithii',	'',	'ISBsm',	''),
(100,	1,	'Bacillus sp.',	'',	'ISBsp',	''),
(101,	1,	'Bacillus sphaericus',	'',	'ISBsph',	''),
(102,	1,	'Bacillus stearothermophilus',	'',	'ISBst',	''),
(103,	1,	'Bacillus subtilis',	'',	'ISBsu',	''),
(104,	1,	'Bacillus thuringiensis',	'',	'ISBth',	''),
(105,	1,	'Bacillus weihenstephanensis',	'',	'ISBwe',	''),
(106,	1,	'Bacteriophage c-st : specific_host Clostridium botulinum',	'',	'ISCbt',	'Predefined common nomenclature'),
(107,	1,	'Bacteroides finegoldii',	'',	'ISBfi',	''),
(108,	1,	'Bacteroides fragilis',	'',	'ISBf',	'Predefined common nomenclature'),
(109,	1,	'Bacteroides ovatus',	'',	'ISBaov',	''),
(110,	1,	'Bacteroides plebeius',	'',	'ISBpl',	''),
(111,	1,	'Bacteroides sp.',	'',	'ISBias',	''),
(112,	1,	'Bacteroides thetaiotaomicron',	'',	'ISBthe',	''),
(113,	1,	'Bacteroides uniformis',	'',	'ISBun',	''),
(114,	1,	'Bacteroides vulgatus',	'',	'ISBvu',	''),
(115,	1,	'Beggiatoa sp.',	'',	'ISBeg',	''),
(116,	1,	'Beijerinckia indica',	'',	'ISBin',	''),
(117,	1,	'Bifidobacterium adolescentis',	'',	'ISBad',	''),
(118,	1,	'Bifidobacterium animalis',	'',	'ISBian',	''),
(119,	1,	'Bifidobacterium asteroides',	'',	'ISBast',	''),
(120,	1,	'Bifidobacterium bifidum',	'',	'ISBbi',	''),
(121,	1,	'Bifidobacterium breve',	'',	'ISBibr',	''),
(122,	1,	'Bifidobacterium longum',	'',	'ISBlo',	''),
(123,	1,	'Bifidobacterium thermophilum',	'',	'ISBith',	''),
(124,	1,	'Blastococcus saxobsidens',	'',	'ISBsa',	''),
(125,	1,	'Blastopirellula marina',	'',	'ISBlma',	''),
(126,	1,	'Bordetella holmesii',	'',	'ISBho',	''),
(127,	1,	'Bordetella parapertussis',	'',	'ISBpa',	''),
(128,	1,	'Bordetella petrii',	'',	'ISBope',	''),
(129,	1,	'Bordetella pertussis',	'',	'ISBpe',	''),
(130,	1,	'Bradyrhizobium diazoefficiens',	'',	'ISBdi',	''),
(131,	1,	'Bradyrhizobium japonicum',	'',	'ISBj',	'Predefined common nomenclature'),
(132,	1,	'Bradyrhizobium sp.',	'',	'ISBrsp',	''),
(133,	1,	'Brenneria salicis',	'',	'ISBrsa',	''),
(134,	1,	'Brevibacillus brevis',	'',	'ISBbr',	''),
(135,	1,	'Brevibacterium fuscum',	'',	'ISBfu',	''),
(136,	1,	'Brevibacterium lactofermentum',	'',	'ISBla',	''),
(137,	1,	'Brevibacterium linens',	'',	'ISBli',	''),
(138,	1,	'Brevundimonas sp',	'',	'ISBesp',	''),
(139,	1,	'Brucella abortus',	'',	'ISBab',	''),
(140,	1,	'Brucella melitensis',	'',	'ISBm',	'Predefined common nomenclature'),
(141,	1,	'Brucella ovis',	'',	'ISBov',	''),
(142,	1,	'Brucella suis',	'',	'ISBrsu',	''),
(143,	1,	'Burkholderia ambifaria',	'',	'ISBam',	''),
(144,	1,	'Burkholderia dolosa',	'',	'ISBdo',	''),
(145,	1,	'Burkholderia cenocepacia',	'',	'ISBcen',	''),
(146,	1,	'Burkholderia cepacia',	'',	'ISBuce',	''),
(147,	1,	'Pseudomonas cepacia',	'Burkholderia cepacia',	'ISBuce',	''),
(148,	1,	'Burkholderia fungorum',	'',	'ISBfun',	''),
(149,	1,	'Burkholderia glumae',	'',	'ISBugl',	'Predefined common nomenclature'),
(150,	1,	'Burkholderia mallei',	'',	'ISBma',	''),
(151,	1,	'Burkholderia multivorans',	'',	'ISBmu',	''),
(152,	1,	'Burkholderia phymatum',	'',	'ISBph',	''),
(153,	1,	'Burkholderia phytofirmans',	'',	'ISBuph',	''),
(154,	1,	'Burkholderia pseudomallei',	'',	'ISBps',	''),
(155,	1,	'Burkholderia sp.',	'',	'ISBusp',	''),
(156,	1,	'Burkholderia terrae',	'',	'ISBte',	''),
(157,	1,	'Burkholderia thailandensis',	'',	'ISButh',	''),
(158,	1,	'Burkholderia vietnamiensis',	'',	'ISBvi',	''),
(159,	1,	'Burkholderia xenovorans',	'',	'ISBxe',	''),
(160,	1,	'Caedibacter taeniospiralis',	'',	'ISCta',	''),
(161,	1,	'Caldicellulosiruptor bescii',	'',	'ISCbe',	''),
(162,	1,	'Caldicellulosiruptor hydrothermalis',	'',	'ISCahy',	''),
(163,	1,	'Caldicellulosiruptor kristjanssonii',	'',	'ISCkr',	''),
(164,	1,	'Caldicellulosiruptor kronotskyensis',	'',	'ISCakr',	''),
(165,	1,	'Caldicellulosiruptor lactoaceticus',	'',	'ISCla',	''),
(166,	1,	'Caldicellulosiruptor obsidiansis',	'',	'ISCob',	''),
(167,	1,	'Caldicellulosiruptor owensensis',	'',	'ISCow',	''),
(168,	1,	'Caldicellulosiruptor saccharolyticus',	'',	'ISCsa',	''),
(169,	1,	'Calditerrivibrio nitroreducens',	'',	'ISCni',	''),
(170,	1,	'Calothrix sp.',	'',	'ISCasp',	''),
(171,	1,	'Campylobacter coli',	'',	'ISCco',	''),
(172,	1,	'Campylobacter fetus',	'',	'ISCfe',	''),
(173,	1,	'Campylobacter jejuni',	'',	'ISCaje',	''),
(174,	1,	'Campylobacter sp.',	'',	'ISCamsp',	''),
(175,	1,	'Candidatus Accumulibacter phosphatis',	'',	'ISCap',	''),
(176,	1,	'Candidatus Amoebophilus asiaticus',	'',	'ISCaa',	''),
(177,	1,	'Candidatus Cardinium hertigii',	'',	'ISCca',	''),
(178,	1,	'Candidatus Desulforudis audaxviator',	'',	'ISCde',	''),
(179,	1,	'Candidatus Kuenenia stuttgartiensis',	'',	'ISCku',	''),
(180,	1,	'Candidatus Odyssella thessalonicensis',	'',	'ISCot',	''),
(181,	1,	'Candidatus Poribacteria sp.',	'',	'ISCpo',	''),
(182,	1,	'Candidatus Protochlamydia amoebophila',	'',	'ISCpr',	''),
(183,	1,	'Capnocytophaga ochraceus',	'',	'ISCoc',	''),
(184,	1,	'Catenulispora acidiphila',	'',	'ISCaac',	''),
(185,	1,	'Caulobacter crescentus',	'',	'ISCc',	'Predefined common nomenclature'),
(186,	1,	'Caulobacter sp.',	'',	'ISCausp',	''),
(187,	1,	'Carboxydothermus hydrogenoformans',	'',	'ISChy',	''),
(188,	1,	'Cellvibrio japonicus',	'',	'ISCja',	''),
(189,	1,	'Cenibacterium arsenoxydans',	'',	'ISCar',	''),
(190,	1,	'Citrobacter freundii',	'',	'ISCfr',	''),
(191,	1,	'Citrobacter rodentium',	'',	'ISCro',	''),
(192,	1,	'Chlorobium chlorochromatii',	'',	'ISCch',	''),
(193,	1,	'Chlorobium phaeobacteroides',	'',	'ISCph',	''),
(194,	1,	'Chloroherpeton thalassium',	'',	'ISChth',	''),
(195,	1,	'Chlorobium tepidum',	'',	'ISChte',	''),
(196,	1,	'Chloroflexus aggregans',	'',	'ISCha',	''),
(197,	1,	'Chloroflexus auranticacus',	'',	'ISChau',	''),
(198,	1,	'Chloroflexus sp.',	'',	'ISChsp',	''),
(199,	1,	'Chthoniobacter flavus',	'',	'ISCfl',	''),
(200,	1,	'Clostridium clariflavum',	'',	'ISCcl',	''),
(201,	1,	'Clavibacter michiganensis',	'',	'ISCmi',	''),
(202,	1,	'Clavibacter xyli',	'',	'ISCxy',	''),
(203,	1,	'Clostridiales bacterium',	'',	'ISClba',	''),
(204,	1,	'Clostridium acetobutylicum',	'',	'ISCac',	''),
(205,	1,	'Clostridium bartlettii',	'',	'ISCba',	''),
(206,	1,	'Clostridium beijerinckii',	'',	'ISCb',	''),
(207,	1,	'Clostridium bolteae',	'',	'ISClbo',	''),
(208,	1,	'Clostridium botulinum',	'',	'ISCbo',	''),
(209,	1,	'Clostridium butyricum',	'',	'ISClbu',	''),
(210,	1,	'Clostridium cellulolyticum',	'',	'ISCce',	''),
(211,	1,	'Clostridium cellulovorans',	'',	'ISClce',	''),
(212,	1,	'Clostridium difficile',	'',	'ISCdi',	''),
(213,	1,	'Clostridium hylemonae',	'',	'ISClhy',	''),
(214,	1,	'Clostridium novyi',	'',	'ISCno',	''),
(215,	1,	'Clostridium perfringens',	'',	'ISCpe',	''),
(216,	1,	'Clostridium phytofermentans',	'',	'ISClph',	''),
(217,	1,	'Clostridium scindens',	'',	'ISCsc',	''),
(218,	1,	'Clostridium sp.',	'',	'ISClsp',	''),
(219,	1,	'Clostridium tetani',	'',	'ISClte',	''),
(220,	1,	'Clostridium thermocellum',	'',	'ISCth',	''),
(221,	1,	'Colwellia psychrerythraea',	'',	'ISCps',	''),
(222,	1,	'Comamonas jiangduensis',	'',	'ISCji',	''),
(223,	1,	'Comamonas sp',	'',	'ISCsp',	''),
(224,	1,	'Comamonas testosteroni',	'',	'ISCte',	''),
(225,	1,	'Corynebacterium ammoniagenes',	'',	'ISCoam',	''),
(226,	1,	'Corynebacterium aurimucosum',	'',	'ISCau',	''),
(227,	1,	'Corynebacterium diphtheriae',	'',	'ISCod',	''),
(228,	1,	'Corynebacterium efficiens',	'',	'ISCef',	''),
(229,	1,	'Corynebacterium genitalium',	'',	'ISCge',	''),
(230,	1,	'Corynebacterium glutamicum',	'',	'ISCgl',	''),
(231,	1,	'Corynebacterium jeikeium',	'',	'ISCje',	''),
(232,	1,	'Corynebacterium lipophiloflavum',	'',	'ISCli',	''),
(233,	1,	'Corynebacterium resistens',	'',	'ISCre',	''),
(234,	1,	'Corynebacterium urealyticum',	'',	'ISCur',	''),
(235,	1,	'Corynebacterium xerosis',	'',	'ISCxe',	''),
(236,	1,	'Coxiella burnetii',	'',	'ISCbu',	''),
(237,	1,	'Crinalium epipsammum',	'',	'ISCep',	''),
(238,	1,	'Crocosphaera watsonii',	'',	'ISCwa',	''),
(239,	1,	'Cupriavidus taiwanensis',	'',	'ISRta',	''),
(240,	1,	'Cyanothece sp.',	'',	'ISCysp',	''),
(241,	1,	'Cylindrospermopsis raciborskii',	'',	'ISCra',	''),
(242,	1,	'Cylindrospermum stagnale',	'',	'ISCst',	''),
(243,	1,	'Cystobacter fuscus',	'',	'ISCfu',	''),
(244,	1,	'Dechloromonas aromatica',	'',	'ISDar',	''),
(245,	1,	'Dehalococcoides ethenogenes',	'',	'ISDet',	''),
(246,	1,	'Dehalococcoides sp.',	'',	'ISDsp',	''),
(247,	1,	'Deinococcus deserti',	'',	'ISDds',	''),
(248,	1,	'Deinococcus geothermalis',	'',	'ISDge',	''),
(249,	1,	'Deinococcus radiodurans',	'',	'ISDra',	''),
(250,	1,	'Delftia acidovorans',	'',	'ISDeac',	''),
(251,	1,	'Delta proteobacterium',	'',	'ISDpr',	''),
(252,	1,	'Desulfatibacillum alkenivorans',	'',	'ISDal',	''),
(253,	1,	'Desulfitobacterium hafniense',	'',	'ISDha',	''),
(254,	1,	'Desulfobacterium autotrophicum',	'',	'ISDau',	''),
(255,	1,	'Desulfobacterium sp.',	'',	'ISDssp',	''),
(256,	1,	'Desulfitobacterium sp.',	'',	'ISDesp',	''),
(257,	1,	'Desulfococcus oleovorans',	'',	'ISDol',	''),
(258,	1,	'Desulfohalobium retbaense',	'',	'ISDere',	''),
(259,	1,	'Desulfomicrobium baculatum',	'',	'ISDba',	''),
(260,	1,	'Desulfonatronospira thiodismutans',	'',	'ISDth',	''),
(261,	1,	'Desulfotalea psychrophila',	'',	'ISDps',	''),
(262,	1,	'Desulfotomaculum acetoxidans',	'',	'ISDce',	''),
(263,	1,	'Desulfotomaculum gibsoniae',	'',	'ISDgi',	''),
(264,	1,	'Desulfotomaculum kuznetsovii',	'',	'ISDku',	''),
(265,	1,	'Desulfotomaculum reducens',	'',	'ISDre',	''),
(266,	1,	'Desulfurococcus kamchatkensis',	'',	'ISDka',	''),
(267,	1,	'Desulfuromonas acetoxidans',	'',	'ISDac',	''),
(268,	1,	'Desulfosporosinus acidiphilus',	'',	'ISDsac',	''),
(269,	1,	'Desulfovibrio alaskensis',	'',	'ISDala',	''),
(270,	1,	'Desulfovibrio desulfuricans',	'',	'ISDde',	''),
(271,	1,	'Desulfovibrio vulgaris',	'',	'ISDvu',	''),
(272,	1,	'Dethiobacter alkaliphilus',	'',	'ISDeal',	''),
(273,	1,	'Dialister invisus',	'',	'ISDin',	''),
(274,	1,	'Dialister succinatiphilus',	'',	'ISDsu',	''),
(275,	1,	'Diaphorobacter sp.',	'',	'ISDisp',	''),
(276,	1,	'Dichelobacter nodosus',	'',	'ISDno',	''),
(277,	1,	'Dictyoglomus thermophilum',	'',	'ISDith',	''),
(278,	1,	'Dinoroseobacter shibae',	'',	'ISDsh',	''),
(279,	1,	'Edwardsiella ictaluri',	'',	'ISEic',	''),
(280,	1,	'Eggerthella lenta',	'',	'ISEle',	''),
(281,	1,	'Candidatus Endozoicomonas cretensis',	'',	'ISEcr',	''),
(282,	1,	'Elizabethkingia sp.',	'',	'ISElsp',	''),
(283,	1,	'Elizabethkingia menigoseptica',	'',	'ISElme',	''),
(284,	1,	'Elizabethkingia mericola',	'',	'ISElmc',	''),
(285,	1,	'Elizabethkingia anapholis',	'',	'ISElan',	''),
(286,	1,	'Elizabethkingia endophytica',	'',	'ISElen',	''),
(287,	1,	'Enhydrobacter aerosaccus',	'',	'ISEnae',	''),
(288,	1,	'Enterobacter aerogenes',	'',	'ISEae',	''),
(289,	1,	'Enterobacter agglomerans',	'',	'ISEag',	''),
(290,	1,	'Enterobacter cloacae',	'',	'ISEcl',	''),
(291,	1,	'Enterococcus casseliflavus',	'',	'ISEnca',	''),
(292,	1,	'Enterococcus faecalis',	'',	'ISEnfa',	''),
(293,	1,	'Enterococcus faecium',	'',	'ISEfa',	''),
(294,	1,	'Enterococcus hirae',	'',	'ISEhi',	''),
(295,	1,	'Enterococcus sp.',	'',	'ISEnsp',	''),
(296,	1,	'Erythrobacter litoralis',	'',	'ISEli',	''),
(297,	1,	'Erwinia amylovora',	'',	'ISEam',	''),
(298,	1,	'Erwinia carotovora',	'',	'ISEca',	''),
(299,	1,	'Erwinia chrysanthemii',	'',	'ISEch',	''),
(300,	1,	'Erwinia herbicola',	'',	'ISEhe',	''),
(301,	1,	'Erwinia sp.',	'',	'ISErsp',	''),
(302,	1,	'Erysipelothrix rhusiopathiae',	'',	'ISErh',	''),
(303,	1,	'Escherichia albertii',	'',	'ISEal',	''),
(304,	1,	'Escherichia coli',	'',	'ISEc',	'Predefined common nomenclature'),
(305,	1,	'Escherichia fergusonii',	'',	'ISEfe',	''),
(306,	1,	'Escherichia hermannii',	'',	'ISEhe',	''),
(307,	1,	'Escherichia vulneris',	'',	'ISEvu',	''),
(308,	1,	'Ethanoligenens harbinense',	'',	'ISEha',	''),
(309,	1,	'Eubacterium biforme',	'',	'ISEbi',	''),
(310,	1,	'Ferroplasma acidarmanus',	'',	'ISFac',	''),
(311,	1,	'Flavobacteria bacterium',	'',	'ISFba',	''),
(312,	1,	'Flavobacterium johnsoniae',	'',	'ISFjo',	''),
(313,	1,	'Flavobacterium sp.',	'',	'ISFlsp',	''),
(314,	1,	'Flexistipes sinusarabici',	'',	'ISFsi',	''),
(315,	1,	'Francisella sp.',	'',	'ISFrsp',	''),
(316,	1,	'Francisella tularensis',	'',	'ISFtu',	''),
(317,	1,	'Frankia alni',	'',	'ISFal',	''),
(318,	1,	'Frankia sp.',	'',	'ISFsp',	''),
(319,	1,	'Fremyella diplosiphon',	'',	'ISFdi',	''),
(320,	1,	'Fulvimarina pelagi',	'',	'ISFpe',	''),
(321,	1,	'Fusobacterium nucleatum',	'',	'ISFnu',	''),
(322,	1,	'Fusobacterium necrophorum',	'',	'ISFne',	''),
(323,	1,	'Gallibacterium anatis',	'',	'ISGan',	''),
(324,	1,	'Gamma proteobacterium',	'',	'ISGpr',	''),
(325,	1,	'Gardnerella vaginalis',	'',	'ISGva',	''),
(326,	1,	'Gemmata obscuriglobus',	'',	'ISGob',	''),
(327,	1,	'Gemmatimonas aurantiaca',	'',	'ISGau',	''),
(328,	1,	'Geobacillus kaustophilus',	'',	'ISGka',	''),
(329,	1,	'Geobacillus sp.',	'',	'ISGsp',	''),
(330,	1,	'Geobacillus stearothermophilus',	'',	'ISGst',	''),
(331,	1,	'Geobacter bemidjiensis',	'',	'ISGebe',	''),
(332,	1,	'Geobacter lovleyi',	'',	'ISGlo',	''),
(333,	1,	'Geobacter metallireducens',	'',	'ISGme',	''),
(334,	1,	'Geobacter sulfurreducens',	'',	'ISGsu',	''),
(335,	1,	'Geobacillus thermodenitrificans',	'',	'ISGth',	''),
(336,	1,	'Geobacter uraniumreducens',	'',	'ISGur',	''),
(337,	1,	'Geodermatophilus obscurus',	'',	'ISGeob',	''),
(338,	1,	'Gloeobacter violaceus',	'',	'ISGvi',	''),
(339,	1,	'Gloeocapsa sp.',	'',	'ISGlsp',	''),
(340,	1,	'Gordonia sihwensis',	'',	'ISGsi',	''),
(341,	1,	'Gluconacetobacter diazotrophicus',	'',	'ISGdi',	''),
(342,	1,	'Gluconacetobacter xylinus',	'',	'ISGxy',	''),
(343,	1,	'Gluconobacter suboxydans',	'',	'ISGsub',	''),
(344,	1,	'Gordonia bronchialis',	'',	'ISGbr',	''),
(345,	1,	'Gordonia polyisoprenivorans',	'',	'ISGpo',	''),
(346,	1,	'Gordonia rhizosphera',	'',	'ISGrh',	''),
(347,	1,	'Gordonia sp.',	'',	'ISGosp',	''),
(348,	1,	'Gordonia terrae',	'',	'ISGte',	''),
(349,	1,	'Gordonia westfalica',	'',	'ISGwe',	''),
(350,	1,	'Grimontia hollisae',	'',	'ISGho',	''),
(351,	1,	'Granulibacter bethesdensis',	'',	'ISGbe',	''),
(352,	1,	'Gulosibacter molinativorax',	'',	'ISGmo',	''),
(353,	1,	'Haemophilus influenzae',	'',	'ISHin',	''),
(354,	1,	'Haemophilus paragallinarum',	'',	'ISHpa',	''),
(355,	1,	'Haemophilus parasuis',	'',	'ISHps',	''),
(356,	1,	'Hahella chejuensis',	'',	'ISHch',	''),
(357,	1,	'Haladaptatus paucihalophilus',	'',	'ISHapa',	''),
(358,	1,	'Halalkalicoccus jeotgali',	'',	'ISHje',	''),
(359,	1,	'Haliangium ochraceum',	'',	'ISHoc',	''),
(360,	1,	'Haliscomenobacter hydrossis',	'',	'ISHhy',	''),
(361,	1,	'Haloarcula amylolytica',	'',	'ISHam',	''),
(362,	1,	'Haloarcula californiae',	'',	'ISHaca',	''),
(363,	1,	'Haloarcula sinaiiensis',	'',	'ISHsi',	''),
(364,	1,	'Haloarcula marismortui',	'',	'ISHma',	''),
(365,	1,	'Halobacterium hubeiense',	'',	'ISHhu',	''),
(366,	1,	'Halobacterium salinarum',	'',	'ISH',	'Predefined common nomenclature'),
(367,	1,	'Halobacterium sp.',	'',	'ISHasp',	''),
(368,	1,	'Halobacillus halophilus',	'',	'ISHaha',	''),
(369,	1,	'Halobellus rufus',	'',	'ISHaru',	''),
(370,	1,	'Halobiforma lacisalsi',	'',	'ISHala',	''),
(371,	1,	'Halococcus salifodinae',	'',	'ISHsa',	''),
(372,	1,	'Halococcus thailandensis',	'',	'ISHth',	''),
(373,	1,	'Haloferax alexandrinus',	'',	'ISHal',	''),
(374,	1,	'Haloferax denitrificans',	'',	'ISHade',	''),
(375,	1,	'Haloferax elongans',	'',	'ISHel',	''),
(376,	1,	'Haloferax gibbonsii',	'',	'ISHgi',	''),
(377,	1,	'Haloferax larsenii',	'',	'ISHalo',	''),
(378,	1,	'Haloferax mediterranei',	'',	'ISHme',	''),
(379,	1,	'Haloferax mucosum',	'',	'ISHamu',	''),
(380,	1,	'Haloferax prahovense',	'',	'ISHpr',	''),
(381,	1,	'Haloferax sp.',	'',	'ISHals',	''),
(382,	1,	'Haloferax volcanii',	'',	'ISHvo',	''),
(383,	1,	'Halogeometricum borinquense',	'',	'ISHbo',	''),
(384,	1,	'Halogranum salarium',	'',	'ISHsr',	''),
(385,	1,	'Halohasta litchfieldiae',	'',	'ISHli',	''),
(386,	1,	'Halomicrobium mukohataei',	'',	'ISHmu',	''),
(387,	1,	'Halomonas sp.',	'',	'ISHsp',	''),
(388,	1,	'Halomonas zincidurans',	'',	'ISHzi',	''),
(389,	1,	'Halanaerobium hydrogeniformans',	'',	'ISHahy',	''),
(390,	1,	'Halonotius sp.',	'',	'ISHas',	''),
(391,	1,	'Halopiger sp.',	'',	'ISHlsp',	''),
(392,	1,	'Halopiger xanaduensis',	'',	'ISHxa',	''),
(393,	1,	'Halophilic archaeon',	'',	'ISHarch',	''),
(394,	1,	'Haloplanus natans',	'',	'ISHna',	''),
(395,	1,	'Haloquadratum walsbyi',	'',	'ISHwa',	''),
(396,	1,	'Halorhabdus tiamatea',	'',	'ISHti',	''),
(397,	1,	'Halorhabdus utahensis',	'',	'ISHut',	''),
(398,	1,	'Halorhodospira halophila',	'',	'ISHha',	''),
(399,	1,	'Halorubrum arcis',	'',	'ISHaar',	''),
(400,	1,	'Halorubrum californiensis',	'',	'ISHca',	''),
(401,	1,	'Halorubrum ezzemoulense',	'',	'ISHez',	''),
(402,	1,	'Halorubrum halophilum',	'',	'ISHalh',	''),
(403,	1,	'Halorubrum kocurii',	'',	'ISHko',	''),
(404,	1,	'Halorubrum lacusprofundi',	'',	'ISHla',	''),
(405,	1,	'Halorubrum saccharovorum',	'',	'ISHasa',	''),
(406,	1,	'Halorubrum sp.',	'',	'ISHalsp',	''),
(407,	1,	'Halosarcina pallida',	'',	'ISHalp',	''),
(408,	1,	'Halostagnicola larsenii',	'',	'ISHall',	''),
(409,	1,	'Haloterrigena turkmenica',	'',	'ISHtu',	''),
(410,	1,	'Halothermothrix orenii',	'',	'ISHor',	''),
(411,	1,	'Halovivax ruber',	'',	'ISHru',	''),
(412,	1,	'Candidatus Hamiltonella defensa',	'',	'ISHde',	''),
(413,	1,	'Helicobacter pylori',	'',	'ISHp',	'Predefined common nomenclature'),
(414,	1,	'Heliobacterium modesticaldum',	'',	'ISHmo',	''),
(415,	1,	'Herminiimonas arsenicoxydans',	'',	'ISHar',	''),
(416,	1,	'Hoeflea phototrophica',	'',	'ISHph',	''),
(417,	1,	'Hydrogenivirga sp.',	'',	'ISHysp',	''),
(418,	1,	'Hyphomonas neptunium',	'',	'ISHne',	''),
(419,	1,	'Ideonella dechloratans',	'',	'ISIde',	''),
(420,	1,	'Idiomarina baltica',	'',	'ISIba',	''),
(421,	1,	'Idiomarina loihiensis',	'',	'ISIlo',	''),
(422,	1,	'Janibacter sp',	'',	'ISJs',	''),
(423,	1,	'Janthinobacterium sp',	'',	'ISJsp',	''),
(424,	1,	'Klebsiella pneumoniae',	'',	'ISKpn',	''),
(425,	1,	'Kingella kingae',	'',	'ISKki',	''),
(426,	1,	'Kocuria rhizophila',	'',	'ISKrh',	''),
(427,	1,	'Kosmotoga olearia',	'',	'ISKol',	''),
(428,	1,	'Ktedonobacter racemifer',	'',	'ISKra',	''),
(429,	1,	'Lactobacillus acidophilus',	'',	'ISLac',	''),
(430,	1,	'Lactobacillus casei',	'',	'ISLca',	''),
(431,	1,	'Lactobacillus crispatus',	'',	'ISLcr',	''),
(432,	1,	'Lactobacillus delbrueckii',	'',	'ISLde',	''),
(433,	1,	'Lactobacillus fructivorans',	'',	'ISLfr',	''),
(434,	1,	'Lactococcus garvieae',	'',	'ISLgar',	''),
(435,	1,	'Lactobacillus gasseri',	'',	'ISLga',	''),
(436,	1,	'Lactobacillus helveticus',	'',	'ISLhe',	''),
(437,	1,	'Lactobacillus heterohiochii',	'',	'ISLahe',	''),
(438,	1,	'Lactobacillus hokkaidonensis',	'',	'ISLho',	''),
(439,	1,	'Lactobacillus johnsonii',	'',	'ISLjo',	''),
(440,	1,	'Lactobacillus kefiranofaciens',	'',	'ISLke',	''),
(441,	1,	'Lactobacillus reuteri',	'',	'ISLre',	''),
(442,	1,	'Lactobacillus plantarum',	'',	'ISLpl',	''),
(443,	1,	'Lactobacillus rhamnosus',	'',	'ISLrh',	''),
(444,	1,	'Lactobacillus sakei',	'',	'ISLsa',	''),
(445,	1,	'Lactococcus lactis',	'',	'ISLla',	''),
(446,	1,	'Leeuwenhoekiella blandensis',	'',	'ISLbl',	''),
(447,	1,	'Legionella drancourtii',	'',	'ISLdr',	''),
(448,	1,	'Legionella longbeachae',	'',	'ISLlo',	''),
(449,	1,	'Legionella pneumophila',	'',	'ISLpn',	''),
(450,	1,	'Leifsonia xyli subsp. cynodontis',	'',	'ISLxc',	'Predefined common nomenclature'),
(451,	1,	'Leifsonia xyli',	'',	'ISLxx',	'Predefined common nomenclature'),
(452,	1,	'Lentisphaera araneosa',	'',	'ISLar',	''),
(453,	1,	'Leptolyngbya sp.',	'',	'ISLesp',	''),
(454,	1,	'Leptonema illini',	'',	'ISLil',	''),
(455,	1,	'Leptospira borgpetersenii',	'',	'ISLbp',	'Predefined common nomenclature'),
(456,	1,	'Leptospira interrogans',	'',	'ISLin',	''),
(457,	1,	'Leptospira biflexa',	'',	'ISLbi',	''),
(458,	1,	'Leptospirillum ferrodiazotrophum',	'',	'ISLfe',	''),
(459,	1,	'Leptospirillum ferrooxidans',	'',	'ISLefe',	''),
(460,	1,	'Leptospirillum rubarum',	'',	'ISLru',	''),
(461,	1,	'Leptospirillum sp.',	'',	'ISLsp',	''),
(462,	1,	'Leptotrichia buccalis',	'',	'ISLbu',	''),
(463,	1,	'Leucaena diversifolia',	'',	'ISLdi',	''),
(464,	1,	'Leuconostoc lactis',	'',	'ISLela',	''),
(465,	1,	'Leuconostoc mesenteroides',	'',	'ISLme',	''),
(466,	1,	'Listeria monocytogenes',	'',	'ISLmo',	''),
(467,	1,	'Loktanella vestfoldensis',	'',	'ISLve',	''),
(468,	1,	'Lyngbya sp.',	'',	'ISLysp',	''),
(469,	1,	'Magnetococcus marinus',	'',	'ISMama',	''),
(470,	1,	'Magnetococcus sp.',	'',	'ISMasp',	''),
(471,	1,	'Magnetospirillum magneticum',	'',	'ISMamg',	''),
(472,	1,	'Magnetospirillum magnetotacticum',	'',	'ISMmg',	''),
(473,	1,	'Mannheimia haemolytica',	'',	'ISMha',	''),
(474,	1,	'Marine actinobacterium',	'',	'ISMaa',	''),
(475,	1,	'Marine psychrotrophic bacterium',	'',	'ISMps',	''),
(476,	1,	'Marinobacter aquaeolei',	'',	'ISMaq',	''),
(477,	1,	'Marinobacter sp.',	'',	'ISMrsp',	''),
(478,	1,	'Marinomonas sp.',	'',	'ISMisp',	''),
(479,	1,	'Mariprofundus ferrooxydans',	'',	'ISMafe',	''),
(480,	1,	'Meiothermus silvanus',	'',	'ISMesi',	''),
(481,	1,	'Mesorhizobium alhagi',	'',	'ISMal',	''),
(482,	1,	'Mesorhizobium loti',	'',	'ISMlo',	''),
(483,	1,	'Mesorhizobium metallidurans',	'',	'ISMme',	''),
(484,	1,	'Mesorhizobium sp.',	'',	'ISMesp',	''),
(485,	1,	'Metallosphaera yellowstonensis',	'',	'ISMye',	''),
(486,	1,	'Methanobrevibacter ruminantium',	'',	'ISMru',	''),
(487,	1,	'Methanobrevibacter smithii',	'',	'ISMesm',	''),
(488,	1,	'Methanocaldococcus jannaschii',	'',	'ISMja',	''),
(489,	1,	'Methanococcoïdes burtonii',	'',	'ISMbu',	''),
(490,	1,	'Methanoculleus bourgensis',	'',	'ISMebo',	''),
(491,	1,	'Methanohalobium evestigatum',	'',	'ISMev',	''),
(492,	1,	'Methanohalophilus mahii',	'',	'ISMem',	''),
(493,	1,	'Methanolinea tarda',	'',	'ISMta',	''),
(494,	1,	'Methanosaeta concilii',	'',	'ISMco',	''),
(495,	1,	'Methanosaeta thermophila',	'',	'ISMth',	''),
(496,	1,	'Methanosarcina acetivorans',	'',	'ISMac',	''),
(497,	1,	'Methanosarcina barkeri',	'',	'ISMba',	''),
(498,	1,	'Methanosarcina mazei',	'',	'ISMma',	''),
(499,	1,	'Methanosphaera stadtmanae',	'',	'ISMst',	''),
(500,	1,	'Methanosphaerula palustris',	'',	'ISMepa',	''),
(501,	1,	'Methanospirillum hungatei',	'',	'ISMhu',	''),
(502,	1,	'Methanotorris igneus',	'',	'ISMig',	''),
(503,	1,	'Methylibium petroleiphilum',	'',	'ISMpe',	''),
(504,	1,	'Methylobacterium chloromethanicum',	'',	'ISMch',	''),
(505,	1,	'Methylobacterium dichloromethanicum',	'',	'ISMdi',	''),
(506,	1,	'Methylobacterium extorquens',	'',	'ISMex',	''),
(507,	1,	'Methylobacterium nodulans',	'',	'ISMno',	''),
(508,	1,	'Methylobacterium populi',	'',	'ISMpo',	''),
(509,	1,	'Methylobacterium radiotolerans',	'',	'ISMra',	''),
(510,	1,	'Methylobacterium sp.',	'',	'ISMtsp',	''),
(511,	1,	'Methylocella silvestris',	'',	'ISMsi',	''),
(512,	1,	'Methylococcus capsulatus',	'',	'ISMca',	''),
(513,	1,	'Methylocystis sp.',	'',	'ISMet',	''),
(514,	1,	'Micrococcus luteus',	'',	'ISMlu',	''),
(515,	1,	'Microcoleus chthonoplastes',	'',	'ISMich',	''),
(516,	1,	'Microcoleus sp.',	'',	'ISMic',	''),
(517,	1,	'Microcoleus vaginatus',	'',	'ISMiva',	''),
(518,	1,	'Microcystis aeruginosa',	'',	'ISMae',	''),
(519,	1,	'Micromonospora aurantiaca',	'',	'ISMau',	''),
(520,	1,	'Microscilla sp.',	'',	'ISMsp',	''),
(521,	1,	'Microthrix parvicella',	'',	'ISMipa',	''),
(522,	1,	'Mitsuokella multacida',	'',	'ISMmu',	''),
(523,	1,	'Moorea producens',	'',	'ISMpr',	''),
(524,	1,	'Moorella thermoacetica',	'',	'ISMoth',	''),
(525,	1,	'Moraxella bovis',	'',	'ISMobo',	''),
(526,	1,	'Moraxella lacunata',	'',	'ISMla',	''),
(527,	1,	'Mycobacterium abscessus',	'',	'ISMab',	''),
(528,	1,	'Mycobacterium avium',	'',	'ISMav',	''),
(529,	1,	'Mycobacterium bovis',	'',	'ISMbo',	''),
(530,	1,	'Mycobacterium branderi',	'',	'ISMbr',	''),
(531,	1,	'Mycobacterium celatum',	'',	'ISMce',	''),
(532,	1,	'Mycobacterium canettii',	'',	'ISMyca',	''),
(533,	1,	'Mycobacterium flavescens',	'',	'ISMfl',	''),
(534,	1,	'Mycobacterium fortuitum',	'',	'ISMfo',	''),
(535,	1,	'Mycobacterium gilvum',	'',	'ISMgi',	''),
(536,	1,	'Mycobacterium indicus',	'',	'ISMyin',	''),
(537,	1,	'Mycobacterium intracellulare',	'',	'ISMin',	''),
(538,	1,	'Mycobacterium hyopneumoniae',	'',	'ISMhp',	''),
(539,	1,	'Mycobacterium marinum',	'',	'ISMyma',	''),
(540,	1,	'Mycobacterium kansasii',	'',	'ISMka',	''),
(541,	1,	'Mycobacterium paratuberculosis',	'',	'ISMpa',	''),
(542,	1,	'Mycobacterium rhodesiae',	'',	'ISMrh',	''),
(543,	1,	'Mycobacterium scrofulaceum',	'',	'ISMsc',	''),
(544,	1,	'Mycobacterium smegmatis',	'',	'ISMsm',	''),
(545,	1,	'Mycobacterium sp.',	'',	'ISMysp',	''),
(546,	1,	'Mycobacterium tuberculosis',	'',	'ISMt',	'Predefined common nomenclature'),
(547,	1,	'Mycobacterium tusciae',	'',	'ISMtu',	''),
(548,	1,	'Mycobacterium ulcerans',	'',	'ISMul',	''),
(549,	1,	'Mycobacterium vanbaalenii',	'',	'ISMva',	''),
(550,	1,	'Mycobacterium xenopi',	'',	'ISMxe',	''),
(551,	1,	'Mycobacterium yongonense',	'',	'ISMyo',	''),
(552,	1,	'Mycoplasma agalactiae',	'',	'ISMag',	''),
(553,	1,	'Mycoplasma bovis',	'',	'ISMbov',	''),
(554,	1,	'Mycoplasma fermentans',	'',	'ISMfe',	''),
(555,	1,	'Mycoplasma hyopneumoniae',	'',	'ISMhp',	''),
(556,	1,	'Mycoplasma hyorhinis',	'',	'ISMhy',	''),
(557,	1,	'Mycoplasma incognitus',	'',	'ISMyin',	''),
(558,	1,	'Mycoplasma mycoides',	'',	'ISMmy',	''),
(559,	1,	'Mycoplasma pulmonis',	'',	'ISMpu',	''),
(560,	1,	'Mycoplasma synoviae',	'',	'ISMsy',	''),
(561,	1,	'Myxococcus fulvus',	'',	'ISMfu',	''),
(562,	1,	'Myxococcus xanthus',	'',	'ISMxa',	''),
(563,	1,	'Nakamurella multipartita',	'',	'ISNml',	''),
(564,	1,	'Natronolimnobius innermongolicus',	'',	'ISNin',	''),
(565,	1,	'Natronomonas moolapensis',	'',	'ISNamo',	''),
(566,	1,	'Natranaerobius thermophilus',	'',	'ISNth',	''),
(567,	1,	'Natrialba chahannaoensis',	'',	'ISNch',	''),
(568,	1,	'Natrialba hulunbeirensis',	'',	'ISNhu',	''),
(569,	1,	'Natrialba magadii',	'',	'ISNma',	''),
(570,	1,	'Natrinema pellirubrum',	'',	'ISNpe',	''),
(571,	1,	'Natronobacterium gregoryi',	'',	'ISNagr',	''),
(572,	1,	'Natronococcus jeotgali',	'',	'ISNje',	''),
(573,	1,	'Natronococcus occultus',	'',	'ISNaoc',	''),
(574,	1,	'Natronorubrum tibetense',	'',	'ISNti',	''),
(575,	1,	'Natronomonas pharaonis',	'',	'ISNph',	''),
(576,	1,	'Neisseria gonorrhoeae',	'',	'ISNgo',	''),
(577,	1,	'Neisseria meningitidis',	'',	'ISNme',	''),
(578,	1,	'Neisseria mucosa',	'',	'ISNemu',	''),
(579,	1,	'Nitrobacter hamburgensis',	'',	'ISNha',	''),
(580,	1,	'Nitrobacter sp.',	'',	'ISNisp',	''),
(581,	1,	'Nitrobacter winogradskyi',	'',	'ISNwi',	''),
(582,	1,	'Nitrococcus mobilis',	'',	'ISNmo',	''),
(583,	1,	'Nitrosococcus oceani',	'',	'ISNoc',	''),
(584,	1,	'Nitrosomonas europaea',	'',	'ISNeu',	''),
(585,	1,	'Nitrosomonas eutropha',	'',	'ISNieu',	''),
(586,	1,	'Nitrosomonas sp.',	'',	'ISNtsp',	''),
(587,	1,	'Nitrosospira multiformis',	'',	'ISNmu',	''),
(588,	1,	'Nocardia asteroides',	'',	'ISNas',	''),
(589,	1,	'Nocardia farcinica',	'',	'ISNfa',	''),
(590,	1,	'Nocardioides sp.',	'',	'ISNosp',	''),
(591,	1,	'Nodularia spumigena',	'',	'ISNspu',	''),
(592,	1,	'Nostoc punctiforme',	'',	'ISNpu',	''),
(593,	1,	'Nostoc sp.',	'',	'ISNsp',	''),
(594,	1,	'Novosphingobium sp.',	'',	'ISNov',	''),
(595,	1,	'Oceanicola batsensis',	'',	'ISOba',	''),
(596,	1,	'Oceanicola granulosus',	'',	'ISOgr',	''),
(597,	1,	'Oceanobacillus iheyensis',	'',	'ISOih',	''),
(598,	1,	'Oceanobacter sp.',	'',	'ISOsp',	''),
(599,	1,	'Ochrobactrum anthropi',	'',	'ISOcan',	''),
(600,	1,	'Ochrobactrum sp.',	'',	'ISOcsp',	''),
(601,	1,	'Octadecabacter antarcticus',	'',	'ISOan',	''),
(602,	1,	'Octadecabacter arcticus',	'',	'ISOar',	''),
(603,	1,	'Oligella urethralis',	'',	'ISOur',	''),
(604,	1,	'Opitutaceae bacterium',	'',	'ISOpb',	''),
(605,	1,	'Oribacterium sp.',	'',	'ISOrsp',	''),
(606,	1,	'Orientia tsutsugamushi',	'',	'ISOt',	'Predefined common nomenclature'),
(607,	1,	'Oscillatoria nigro-viridis',	'',	'ISOni',	''),
(608,	1,	'Paenibacillus sp.',	'',	'ISPaen',	''),
(609,	1,	'Pandoraea thiooxydans',	'',	'ISPath',	''),
(610,	1,	'Pantoea agglomerans',	'',	'ISPag',	''),
(611,	1,	'Pantoea ananatis',	'',	'ISPan',	''),
(612,	1,	'Parachlamydia acanthamoebae',	'',	'ISPaac',	''),
(613,	1,	'Parachlamydia sp.',	'',	'ISPasp',	''),
(614,	1,	'Parabacteroides sp.',	'',	'ISPrsp',	''),
(615,	1,	'Paracoccus aestuarii',	'',	'ISPaes',	''),
(616,	1,	'Paracoccus alcaliphilus',	'',	'ISPlc',	''),
(617,	1,	'Paracoccus alkenifer',	'',	'ISPak',	''),
(618,	1,	'Paracoccus aminophilus',	'',	'ISPam',	''),
(619,	1,	'Paracoccus bengalensis',	'',	'ISPbe',	''),
(620,	1,	'Paracoccus denitrificans',	'',	'ISPde',	''),
(621,	1,	'Paracoccus ferrooxidans',	'',	'ISPfe',	''),
(622,	1,	'Paracoccus haeundaensis',	'',	'ISPhae',	''),
(623,	1,	'Paracoccus halophilus',	'',	'ISPha',	''),
(624,	1,	'Paracoccus kondratievae',	'',	'ISPko',	''),
(625,	1,	'Paracoccus koreensis',	'',	'ISPkr',	''),
(626,	1,	'Paracoccus marcusii',	'',	'ISPmar',	''),
(627,	1,	'Paracoccus methylutens',	'',	'ISPme',	''),
(628,	1,	'Paracoccus pantotrophus',	'',	'ISPpa',	''),
(629,	1,	'Paracoccus seriniphilus',	'',	'ISPse',	''),
(630,	1,	'Paracoccus solventivorans',	'',	'ISPso',	''),
(631,	1,	'Paracoccus thiocyanatus',	'',	'ISPth',	''),
(632,	1,	'Paracoccus versutus',	'',	'ISPve',	''),
(633,	1,	'Paracoccus yeeii',	'',	'ISPye',	''),
(634,	1,	'Paracoccus zeaxanthinifaciens',	'',	'ISPze',	''),
(635,	1,	'Parvarchaeum acidophilus',	'',	'ISPac',	''),
(636,	1,	'Parvibaculum lavamentivorans',	'',	'ISPla',	''),
(637,	1,	'Pasteurella multocida',	'',	'ISPmu',	''),
(638,	1,	'Pediococcus pentosaceus',	'',	'ISPpe',	''),
(639,	1,	'Pelagibaca bermudensis',	'',	'ISPebe',	''),
(640,	1,	'Pelobacter carbinolicus',	'',	'ISPca',	''),
(641,	1,	'Pelobacter propionicus',	'',	'ISPepr',	''),
(642,	1,	'Pelodictyon luteolum',	'',	'ISPelu',	''),
(643,	1,	'Pelodictyon phaeoclathratiforme',	'',	'ISPph',	''),
(644,	1,	'Pelotomaculum thermopropionicum',	'',	'ISPeth',	''),
(645,	1,	'Photobacterium mandapamensis',	'',	'ISPma',	''),
(646,	1,	'Photobacterium profundum',	'',	'ISPpr',	''),
(647,	1,	'Photobacterium sp.',	'',	'ISPhsp',	''),
(648,	1,	'Photorhabdus luminescens',	'',	'ISPlu',	''),
(649,	1,	'Candidatus Phytoplasma asteris',	'',	'ISPas',	''),
(650,	1,	'Pirellula staleyi',	'',	'ISPist',	''),
(651,	1,	'Piscirickettsia salmonis',	'',	'ISPsa',	''),
(652,	1,	'Planctomyces maris',	'',	'ISPlma',	''),
(653,	1,	'Planktothrix agardhii',	'',	'ISPlag',	''),
(654,	1,	'Planktothrix rubescens',	'',	'ISPlr',	''),
(655,	1,	'Planococcus antarcticus',	'',	'ISPlan',	''),
(656,	1,	'Plesiocystis pacifica',	'',	'ISPlpa',	''),
(657,	1,	'Pleurocapsa sp.',	'',	'ISPle',	''),
(658,	1,	'Polaromonas sp.',	'',	'ISPosp',	''),
(659,	1,	'Polaromonas naphthalenivorans',	'',	'ISPna',	''),
(660,	1,	'Polynucleobacter sp.',	'',	'ISPlsp',	''),
(661,	1,	'Porphyromonas gingivalis',	'',	'ISPg',	'Predefined common nomenclature'),
(662,	1,	'Prevotella tannerae',	'',	'ISPta',	''),
(663,	1,	'Prevotella timonensis',	'',	'ISPti',	''),
(664,	1,	'Primary endosymbiont of Sitophilus oryzae',	'',	'ISSoEn',	''),
(665,	1,	'Prochlorococcus marinus',	'',	'ISPrma',	''),
(666,	1,	'Propionibacterium freudenreichii',	'',	'ISPfr',	''),
(667,	1,	'Prosthecochloris aestuarii',	'',	'ISPae',	''),
(668,	1,	'Proteus mirabilis',	'',	'ISPmi',	''),
(669,	1,	'Proteus vulgaris',	'',	'ISPvu',	''),
(670,	1,	'Providencia stuartii',	'',	'ISPrst',	''),
(671,	1,	'Pseudoalteromonas atlantica',	'',	'ISPat',	''),
(672,	1,	'Pseudoalteromonas sp.',	'',	'ISPsesp',	''),
(673,	1,	'Pseudoalteromonas tunicata',	'',	'ISPtu',	''),
(674,	1,	'Pseudomonas aeruginosa',	'',	'ISPa',	'Predefined common nomenclature'),
(675,	1,	'Pseudomonas alcaligenes',	'',	'ISPal',	''),
(676,	1,	'Pseudomonas atlantica',	'',	'ISPsal',	''),
(677,	1,	'Pseudomonas entomophila',	'',	'ISPen',	''),
(678,	1,	'Pseudomonas fluorescens',	'',	'ISPfl',	''),
(679,	1,	'Pseudomonas huttiensis',	'',	'ISPhu',	''),
(680,	1,	'Pseudomonas mendocina',	'',	'ISPsme',	''),
(681,	1,	'Pseudomonas oleovorans',	'',	'ISPol',	''),
(682,	1,	'Pseudomonas pseudoalcaligenes',	'',	'ISPps',	''),
(683,	1,	'Pseudomonas putida',	'',	'ISPpu',	''),
(684,	1,	'Pseudomonas resinovorans',	'',	'ISPre',	''),
(685,	1,	'Pseudomonas sp.',	'',	'ISPsp',	''),
(686,	1,	'Pseudomonas stutzeri',	'',	'ISPst',	''),
(687,	1,	'Pseudomonas syringae',	'',	'ISPsy',	''),
(688,	1,	'Psychrobacter arcticus',	'',	'ISPar',	''),
(689,	1,	'Psychrobacter maritimus',	'',	'ISPsma',	''),
(690,	1,	'Psychrobacter psychrophilus',	'',	'ISPpy',	''),
(691,	1,	'Psychrobacter sp',	'',	'ISPssp',	''),
(692,	1,	'Psychroflexus torquis',	'',	'ISPto',	''),
(693,	1,	'Psychromonas ingrahamii',	'',	'ISPin',	''),
(694,	1,	'Pyrococcus furiosus',	'',	'ISPfu',	''),
(695,	1,	'Rahnella aquatilis',	'',	'ISRaq',	''),
(696,	1,	'Ralstonia eutropha',	'Alcaligenes eutropha',	'ISRme',	''),
(697,	1,	'Ralstonia metallidurans',	'Alcaligenes eutropha',	'ISRme',	''),
(698,	1,	'Ralstonia sp.',	'',	'ISRasp',	''),
(699,	1,	'Ralstonia solanacearum',	'',	'ISRso',	''),
(700,	1,	'Pseudomonas solanacearum',	'Ralstonia solanacearum',	'ISRso',	''),
(701,	1,	'Ralstonia taiwanensis',	'Cupriavidus taiwanensis',	'ISRta',	''),
(702,	1,	'Renibacterium salmoninarum',	'',	'ISRsa',	''),
(703,	1,	'Rhizobium etli',	'',	'ISRel',	''),
(704,	1,	'Rhizobium fredii',	'Sinorhizobium fredii',	'ISSfr',	''),
(705,	1,	'Rhizobium hedysari',	'',	'ISRh',	''),
(706,	1,	'Rhizobium leguminosarum',	'',	'ISRle',	''),
(707,	1,	'Rhizobium lupini',	'',	'ISRlu',	''),
(708,	1,	'Rhizobium meliloti',	'Sinorhizobium meliloti',	'ISRm',	'Predefined common nomenclature'),
(709,	1,	'Rhizobium sp.',	'',	'ISRsp',	''),
(710,	1,	'Rhizobium tropici',	'',	'ISRtr',	''),
(711,	1,	'Rhodobacteraceae bacterium',	'',	'ISRbac',	''),
(712,	1,	'Rhodobacter sphaeroides',	'',	'ISRhsp',	''),
(713,	1,	'Rhodobacterales bacterium',	'',	'ISRhba',	''),
(714,	1,	'Rhodococcus aetherivorans',	'',	'ISRae',	''),
(715,	1,	'Rhodococcus erythropolis',	'',	'ISRer',	''),
(716,	1,	'Rhodococcus fascians',	'',	'ISRhf',	''),
(717,	1,	'Rhodococcus jostii',	'',	'ISRjo',	''),
(718,	1,	'Rhodococcus opacus',	'',	'ISRop',	''),
(719,	1,	'Rhodococcus rhodochrous',	'',	'ISRrh',	''),
(720,	1,	'Rhodococcus ruber',	'',	'ISRru',	''),
(721,	1,	'Rhodococcus sp.',	'',	'ISRhosp',	''),
(722,	1,	'Rhodopirellula baltica',	'',	'ISRba',	''),
(723,	1,	'Rhodopirellula maiorica',	'',	'ISRma',	''),
(724,	1,	'Rhodospirillum centenum',	'',	'ISRce',	''),
(725,	1,	'Rhodospirillum rubrum',	'',	'ISRhru',	''),
(726,	1,	'Rhodopseudomonas palustris',	'',	'ISRpa',	''),
(727,	1,	'Riemerella anatipestifer',	'',	'ISRan',	''),
(728,	1,	'Rickettsia peacockii',	'',	'ISRpe',	''),
(729,	1,	'Rivularia sp.',	'',	'ISRisp',	''),
(730,	1,	'Roseburia intestinalis',	'',	'ISRin',	''),
(731,	1,	'Roseburia inulinivorans',	'',	'ISRoin',	''),
(732,	1,	'Roseiflexus sp.',	'',	'ISRfsp',	''),
(733,	1,	'Roseobacter denitrificans',	'',	'ISRde',	''),
(734,	1,	'Roseobacter litoralis',	'',	'ISRli',	''),
(735,	1,	'Roseobacter sp.',	'',	'ISRosp',	''),
(736,	1,	'Roseovarius sp.',	'',	'ISRssp',	''),
(737,	1,	'Rubrobacter xylanophilus',	'',	'ISRxy',	''),
(738,	1,	'Ruegeria sp.',	'',	'ISRusp',	''),
(739,	1,	'Ruminococcus gnavus',	'',	'ISRgn',	''),
(740,	1,	'Ruminococcus lactaris',	'',	'ISRla',	''),
(741,	1,	'Ruminococcus obeum',	'',	'ISRob',	''),
(742,	1,	'Ruminococcus sp.',	'',	'ISRmsp',	''),
(743,	1,	'Runella slithyformis',	'',	'ISRsl',	''),
(744,	1,	'Saccharopolyspora erythraea',	'',	'ISSer',	''),
(745,	1,	'Sagittula stellata',	'',	'ISSst',	''),
(746,	1,	'Salinibacter ruber',	'',	'ISSru',	''),
(747,	1,	'Salinispora arenicola',	'',	'ISSar',	''),
(748,	1,	'Salinispora tropica',	'',	'ISStr',	''),
(749,	1,	'Salmonella abortusovis',	'',	'ISSab',	''),
(750,	1,	'Salmonella enterica',	'',	'ISSen',	''),
(751,	1,	'Salmonella enteritidis',	'',	'ISSaen',	''),
(752,	1,	'Salmonella panama',	'',	'ISSpa',	''),
(753,	1,	'Salmonella typhimurium',	'',	'ISSty',	''),
(754,	1,	'Salmonella wien',	'',	'ISSwi',	''),
(755,	1,	'Scardovia inopinata',	'',	'ISSin',	''),
(756,	1,	'Serratia marcescens',	'',	'ISSma',	''),
(757,	1,	'Serratia proteamaculans',	'',	'ISSpr',	''),
(758,	1,	'Shewanella algae',	'',	'ISSal',	''),
(759,	1,	'Shewanella amazonesis',	'',	'ISSham',	''),
(760,	1,	'Shewanella baltica',	'',	'ISSba',	''),
(761,	1,	'Shewanella benthica',	'',	'ISSbe',	''),
(762,	1,	'Shewanella denitrificans',	'',	'ISSde',	''),
(763,	1,	'Shewanella frigidimarina',	'',	'ISShfr',	''),
(764,	1,	'Shewanella halifaxens',	'',	'ISShha',	''),
(765,	1,	'Shewanella loihica',	'',	'ISSlo',	''),
(766,	1,	'Shewanella oneidensis',	'',	'ISSod',	''),
(767,	1,	'Shewanella pealeana',	'',	'ISSpe',	''),
(768,	1,	'Shewanella piezotolerans',	'',	'ISSpi',	''),
(769,	1,	'Shewanella putrefaciens',	'',	'ISSpu',	''),
(770,	1,	'Shewanella sediminis',	'',	'ISSse',	''),
(771,	1,	'Shewanella sp.',	'',	'ISShes',	''),
(772,	1,	'Shewanella violacea',	'',	'ISShvi',	''),
(773,	1,	'Shewanella woodyi',	'',	'ISShwo',	''),
(774,	1,	'Shigella boydii',	'',	'ISSbo',	''),
(775,	1,	'Shigella dysenteriae',	'',	'ISShdy',	''),
(776,	1,	'Shigella flexneri',	'',	'ISSfl',	''),
(777,	1,	'Shigella sonnei',	'',	'ISSso',	''),
(778,	1,	'Shuttleworthia satelles',	'',	'ISShsa',	''),
(779,	1,	'Singulisphaera acidiphila',	'',	'ISSiac',	''),
(780,	1,	'Silicibacter pomeroyi',	'',	'ISSpo',	''),
(781,	1,	'Silicibacter sp',	'',	'ISSisp',	''),
(782,	1,	'Sinorhizobium fredii',	'',	'ISSfr',	''),
(783,	1,	'Sinorhizobium medicae',	'',	'ISSme',	''),
(784,	1,	'Sinorhizobium meliloti',	'',	'ISRm',	'Predefined common nomenclature'),
(785,	1,	'Sinorhizobium sp',	'',	'ISSisp',	''),
(786,	1,	'Slackia heliotrinireducens',	'',	'ISSlgl',	''),
(787,	1,	'Sodalis glossinidius',	'',	'ISSgl',	''),
(788,	1,	'Solibacter usitatus',	'',	'ISSus',	''),
(789,	1,	'Sorangium cellulosum',	'',	'ISSce',	''),
(790,	1,	'Sphingobacterium sp',	'',	'ISSpsp',	''),
(791,	1,	'Sphingomonas paucimobilis',	'',	'ISSppa',	''),
(792,	1,	'Sphingomonas sp.',	'',	'ISShsp',	''),
(793,	1,	'Sphingomonas wittichii',	'',	'ISSpwi',	''),
(794,	1,	'Sphingopyxis alaskensis',	'',	'ISSpal',	''),
(795,	1,	'Sphingopyxis macrogoltabida',	'',	'ISSpma',	''),
(796,	1,	'Spiroplasma citri',	'',	'ISSci',	''),
(797,	1,	'Spiroplasma virus',	'',	'ISSvi',	''),
(798,	1,	'Sporosarcina newyorkensis',	'',	'ISSne',	''),
(799,	1,	'Staphylococcus aureus',	'',	'ISSau',	''),
(800,	1,	'Staphylococcus epidermidis',	'',	'ISSep',	''),
(801,	1,	'Staphylococcus haemolyticus',	'',	'ISSha',	''),
(802,	1,	'Staphylococcus saprophyticus',	'',	'ISStsa',	''),
(803,	1,	'Stappia aggregata',	'',	'ISStag',	''),
(804,	1,	'Stenotrophomonas maltophilia',	'',	'ISStma',	''),
(805,	1,	'Stenotrophomonas sp',	'',	'ISStes',	''),
(806,	1,	'Stigmatella aurantiaca',	'',	'ISStau',	''),
(807,	1,	'Streptococcus agalactiae',	'',	'ISSag',	''),
(808,	1,	'Streptococcus criceti',	'',	'ISScr',	''),
(809,	1,	'Streptococcus dysgalactiae',	'',	'ISSdy',	''),
(810,	1,	'Streptococcus equi',	'',	'ISSeq',	''),
(811,	1,	'Streptococcus gallolytycus',	'',	'ISSga',	''),
(812,	1,	'Streptococcus gordonii',	'',	'ISSgo',	''),
(813,	1,	'Streptococcus iniae',	'',	'ISStin',	''),
(814,	1,	'Streptococcus mitis',	'',	'ISSmi',	''),
(815,	1,	'Streptococcus mutans',	'',	'ISSmu',	''),
(816,	1,	'Streptococcus pneumoniae',	'',	'ISSpn',	''),
(817,	1,	'Streptococcus pyogenes',	'',	'ISSpy',	''),
(818,	1,	'Streptococcus salivarius',	'',	'ISSsa',	''),
(819,	1,	'Streptococcus sanguinis',	'',	'ISSsan',	''),
(820,	1,	'Streptococcus sobrinus',	'',	'IStso',	''),
(821,	1,	'Streptococcus suis',	'',	'ISSsu',	''),
(822,	1,	'Streptococcus thermophilus',	'',	'ISSth',	''),
(823,	1,	'Streptomyces acidiscabies',	'',	'ISSaci',	''),
(824,	1,	'Streptomyces aculeolatus',	'',	'ISStac',	''),
(825,	1,	'Streptomyces ambofaciens',	'',	'ISSam',	''),
(826,	1,	'Streptomyces anulatus',	'',	'ISSan',	''),
(827,	1,	'Streptomyces avermilitis',	'',	'ISSav',	''),
(828,	1,	'Streptomyces clavuligerus',	'',	'ISScl',	''),
(829,	1,	'Streptomyces coelicolor',	'',	'ISSco',	''),
(830,	1,	'Streptomyces diastaticus',	'',	'ISSdi',	''),
(831,	1,	'Streptomyces griseus',	'',	'ISSgr',	''),
(832,	1,	'Streptomyces lividans',	'',	'ISSli',	''),
(833,	1,	'Streptomyces natalensis',	'',	'ISSna',	''),
(834,	1,	'Streptomyces pristinaespiralis',	'',	'ISStpr',	''),
(835,	1,	'Streptomyces rimosus',	'',	'ISSri',	''),
(836,	1,	'Streptomyces roseosporus',	'',	'ISSro',	''),
(837,	1,	'Streptomyces sp.',	'',	'ISStsp',	''),
(838,	1,	'Streptomyces sviceus',	'',	'ISSsv',	''),
(839,	1,	'Streptomyces turgidiscabies',	'',	'ISStu',	''),
(840,	1,	'Streptomyces violaceusniger',	'',	'ISStvi',	''),
(841,	1,	'Streptosporangium roseum',	'',	'ISStro',	''),
(842,	1,	'Sulfobacillus acidophilus',	'',	'ISSuac',	''),
(843,	1,	'Sulfitobacter sp.',	'',	'ISSusp',	''),
(844,	1,	'Sulfolobus islandicus',	'',	'ISSis',	''),
(845,	1,	'Sulfolobus solfataricus',	'',	'ISC',	'Predefined common nomenclature'),
(846,	1,	'Sulfolobus sp.',	'',	'ISC',	'Predefined common nomenclature'),
(847,	1,	'Sulfolobus tengchongensis',	'',	'ISSte',	''),
(848,	1,	'Sulfolobus tokodaii',	'',	'ISSto',	''),
(849,	1,	'Sulfurihydrogenibium azorense',	'',	'ISSaz',	''),
(850,	1,	'Sulfurihydrogenibium sp.',	'',	'ISSulsp',	''),
(851,	1,	'Sulfurimonas denitrificans',	'',	'ISSude',	''),
(852,	1,	'Sulfurovum sp.',	'',	'ISSlsp',	''),
(853,	1,	'Symbiobacterium thermophilum',	'',	'ISSyth',	''),
(854,	1,	'Synechococcus elongatus',	'',	'ISSel',	''),
(855,	1,	'Synechococcus octopus',	'',	'ISSoc',	''),
(856,	1,	'Synechococcus sp.',	'',	'ISSysp',	''),
(857,	1,	'Synechocystis sp.',	'',	'ISnSa',	'ISnSa : n = family name'),
(858,	1,	'Syntrophobacter fumaroxidans',	'',	'ISSfu',	''),
(859,	1,	'Syntrophomonas wolfei',	'',	'ISSwo',	''),
(860,	1,	'Syntrophus aciditrophicus',	'',	'ISSac',	''),
(861,	1,	'Terrabacter sp.',	'',	'ISTesp',	''),
(862,	1,	'Tetragenococcus halophilus',	'',	'ISTeha',	''),
(863,	1,	'Thalassiobium sp.',	'',	'ISTasp',	''),
(864,	1,	'Thalassospira sp.',	'',	'ISThasp',	''),
(865,	1,	'Thauera sp.',	'',	'ISTha',	''),
(866,	1,	'Thermacetogenium phaeum',	'',	'ISTph',	''),
(867,	1,	'Thermaerobacter subterraneus',	'',	'ISTsu',	''),
(868,	1,	'Thermoanaerobacterium thermosaccharolyticum',	'',	'ISThth',	''),
(869,	1,	'Thermoanaerobacterium xylanolyticum',	'',	'ISTxy',	''),
(870,	1,	'Thermoanaerobacter ethanolicus',	'',	'ISTet',	''),
(871,	1,	'Thermoanaerobacter pseudethanolicus',	'',	'ISTps',	''),
(872,	1,	'Thermoanaerobacter sp.',	'',	'ISTsp',	''),
(873,	1,	'Thermoanaerobacter tengcongensis',	'',	'ISTte',	''),
(874,	1,	'Thermoanaerobacter wiegelii',	'',	'ISTwi',	''),
(875,	1,	'Thermobacillus composti',	'',	'ISTco',	''),
(876,	1,	'Thermobifida fusca',	'',	'ISTfu',	''),
(877,	1,	'Thermococcus sibiricus',	'',	'ISTsi',	''),
(878,	1,	'Thermococcus kodakarensis',	'',	'ISTko',	''),
(879,	1,	'Thermococcus litoralis',	'',	'ISTli',	''),
(880,	1,	'Thermophilic bacterium',	'',	'ISTba',	''),
(881,	1,	'Thermoplasma acidophilum',	'',	'ISTac',	''),
(882,	1,	'Thermoplasma volcanium',	'',	'ISTvo',	''),
(883,	1,	'Thermosynechococcus elongatus',	'',	'ISTel',	''),
(884,	1,	'Thermotoga maritima',	'',	'ISTma',	''),
(885,	1,	'Thermus aquaticus',	'',	'ISTaq',	''),
(886,	1,	'Thermus thermophilus',	'',	'ISTth',	''),
(887,	1,	'Thioalkalivibrio nitratireducens',	'',	'ISTni',	''),
(888,	1,	'Thioalkalivibrio sp',	'',	'ISThi',	''),
(889,	1,	'Thiobacillus ferrooxidans',	'',	'ISTfe',	''),
(890,	1,	'Thiocapsa roseopersicina',	'',	'ISTro',	''),
(891,	1,	'Thiocystis violascens',	'',	'ISTvi',	''),
(892,	1,	'Thiomonas intermedia',	'',	'ISTin',	''),
(893,	1,	'Thiomonas sp.',	'',	'ISThsp',	''),
(894,	1,	'Thiorhodococcus drewsii',	'',	'ISTdr',	''),
(895,	1,	'Thiorhodovibrio sp.',	'',	'ISThio',	''),
(896,	1,	'Thiothrix nivea',	'',	'ISThni',	''),
(897,	1,	'Tolypothrix sp',	'',	'ISTosp',	''),
(898,	1,	'Treponema denticola',	'',	'ISTde',	''),
(899,	1,	'Trichodesmium erythraeum',	'',	'ISTer',	''),
(900,	1,	'Uncultured bacterium',	'',	'ISUnCu',	''),
(901,	1,	'Veillonella sp.',	'',	'ISVesp',	''),
(902,	1,	'Veillonella atypica',	'',	'ISVat',	''),
(903,	1,	'Veillonella ratti',	'',	'ISVra',	''),
(904,	1,	'Verminephrobacter eiseniae',	'',	'ISVei',	''),
(905,	1,	'Verrucomicrobia sp.',	'',	'ISVer',	''),
(906,	1,	'Verrucomicrobium spinosum',	'',	'ISVsp',	''),
(907,	1,	'Vibrio alginolyticus',	'',	'ISVal',	''),
(908,	1,	'Vibrio anguillarum',	'',	'ISVa',	''),
(909,	1,	'Vibrio cholerae',	'',	'ISVch',	''),
(910,	1,	'Vibrio harveyi',	'',	'ISVha',	''),
(911,	1,	'Vibrio metschnikovii',	'',	'ISVme',	''),
(912,	1,	'Vibrio mimicus',	'',	'ISVmi',	''),
(913,	1,	'Vibrio penaeicida',	'',	'ISVpe',	''),
(914,	1,	'Vibrio parahaemolyticus',	'',	'ISVpa',	''),
(915,	1,	'Vibrio salmonicida',	'',	'ISVsa',	''),
(916,	1,	'Vibrio shilonii',	'',	'ISVsh',	''),
(917,	1,	'Vibrio sp.',	'',	'ISVbsp',	''),
(918,	1,	'Vibrio splendidus',	'',	'ISVisp',	''),
(919,	1,	'Vibrio vulnificus',	'',	'ISVvu',	''),
(920,	1,	'Vibrionales bacterium',	'',	'ISVba',	''),
(921,	1,	'Victivallis vadensis',	'',	'ISVva',	''),
(922,	1,	'Waddlia chondrophila',	'',	'ISWch',	''),
(923,	1,	'Weeksella zoohelcum',	'',	'ISWzo',	''),
(924,	1,	'Wolbachia endosymbiont',	'',	'ISWen',	''),
(925,	1,	'Wolbachia pipientis',	'',	'ISWpi',	''),
(926,	1,	'Wolbachia sp.',	'',	'ISWosp',	''),
(927,	1,	'Wolinella succinogenes',	'',	'ISWsu',	''),
(928,	1,	'Xanthobacter autotrophicus',	'',	'ISXau',	''),
(929,	1,	'Xanthomonas axonopodis',	'',	'ISXax',	''),
(930,	1,	'Xanthomonas campestris',	'',	'ISXca',	''),
(931,	1,	'Xanthomonas citri',	'',	'ISXci',	''),
(932,	1,	'Xanthomonas fuscans',	'',	'ISXfu',	''),
(933,	1,	'Xanthomonas oryzae',	'',	'ISXo',	'Predefined common nomenclature'),
(934,	1,	'Xenorhabdus bovienii',	'',	'ISXbo',	''),
(935,	1,	'Xenorhabdus nematophila',	'',	'ISXne',	''),
(936,	1,	'Xylella fastidiosa',	'',	'ISXfa',	''),
(937,	1,	'Yersinia aldovae',	'',	'ISYal',	''),
(938,	1,	'Yersinia enterocolitica',	'',	'ISYen',	''),
(939,	1,	'Yersinia kristensenii',	'',	'ISYkr',	''),
(940,	1,	'Yersinia pestis',	'',	'ISYpe',	''),
(941,	1,	'Yersinia pseudotuberculosis',	'',	'ISYps',	''),
(942,	1,	'Zymomonas mobilis',	'',	'ISZmo',	''),
(943,	1,	'Cyanophage Ma-LMM01',	'',	'ISvCya',	''),
(944,	1,	'Ectocarpus siliculosus virus 1 (EsV-1)',	'',	'ISvEsV1',	''),
(945,	1,	'Mimivirus',	'',	'ISvMimi',	''),
(946,	1,	'Spiroplasma virus SpV1-C74',	'',	'ISSvi',	''),
(947,	1,	'Virus AR158',	'',	'ISvAR158',	''),
(948,	1,	'Virus NY2A',	'',	'ISvNY2A',	''),
(949,	1,	'Virus PBCV1',	'',	'ISvPBCV',	''),
(950,	1,	'Metagenomic data from CARNOULES',	'',	'ISCAR',	''),
(951,	1,	'Achromobacter denitrificans',	'',	'ISAchd',	''),
(952,	1,	'Acidovorax delafieldii',	'',	'ISAcde',	''),
(953,	1,	'Alicycliphilus denitrificans',	'',	'ISAlde',	''),
(954,	1,	'Alicycliphilus sp.',	'',	'ISAlisp',	''),
(955,	1,	'Burkholderiaceae bacterium',	'',	'ISBba',	''),
(956,	1,	'Enterobacter asburiae',	'',	'ISEas',	''),
(957,	1,	'Glaciecola agarilytica',	'',	'ISGla',	''),
(958,	1,	'Leclercia adecarboxylata',	'',	'ISLad',	''),
(959,	1,	'Oceanimonas smirnovii',	'',	'ISOsm',	''),
(960,	1,	'Pseudomonas mandelii',	'',	'ISPman',	''),
(961,	1,	'Ralstonia mannitolilytica',	'',	'ISRama',	''),
(962,	1,	'Ralstonia syzygii',	'',	'ISRsy',	''),
(963,	1,	'Variovorax paradoxus',	'',	'ISVapa',	''),
(964,	1,	'Yersinia ruckeri',	'',	'ISYru',	'');

DROP TABLE IF EXISTS `orf`;
CREATE TABLE `orf` (
  `ID_ORF` int(10) unsigned NOT NULL AUTO_INCREMENT,
  `Element_transposable_ID_ET` int(10) unsigned NOT NULL,
  `Tnp_chemestry_ID_Tnp_chemestry` int(10) unsigned DEFAULT NULL,
  `Tnp_description_ID_Tnp_description` int(10) unsigned DEFAULT NULL,
  `AG_description_ID_AG_description` int(10) unsigned DEFAULT NULL,
  `PG_function_ID_PG_function` int(10) unsigned DEFAULT NULL,
  `ORF_Begin` int(10) unsigned DEFAULT NULL,
  `ORF_End` int(10) unsigned DEFAULT NULL,
  `ORF_Sequence` text DEFAULT NULL,
  `ORF_rank` tinyint(4) DEFAULT NULL,
  `ORF_Strand` tinyint(1) DEFAULT 1 COMMENT '0=brin- ; 1=brin+ ',
  `ORF_Comment` varchar(255) DEFAULT NULL,
  `ORF_Length_DNA` int(10) unsigned DEFAULT NULL,
  `ORF_Length_AA` int(10) unsigned DEFAULT NULL,
  `ORF_partial` tinyint(1) NOT NULL DEFAULT 0 COMMENT '0=complet ; 1=partiel',
  `ORF_Blast_Result` text DEFAULT NULL,
  `ORF_Frameshift` tinyint(1) DEFAULT 0 COMMENT '0=pas de frameshift ; 1=FR',
  `ORF_Frameshift_Position` int(10) unsigned DEFAULT NULL,
  `ORF_function` enum('Tnp','AG','PG') DEFAULT NULL COMMENT 'T=transposase ; AG=Accessory Gene ; PG= passenger gene',
  `Function_Description` text DEFAULT NULL,
  `PG_annotation` varchar(100) DEFAULT NULL COMMENT 'Si ORF_function=PG',
  PRIMARY KEY (`ID_ORF`),
  KEY `Element_transposable_ID_ET` (`Element_transposable_ID_ET`),
  KEY `ORF_FKIndex6` (`PG_function_ID_PG_function`),
  KEY `ORF_FKIndex4` (`Tnp_chemestry_ID_Tnp_chemestry`),
  KEY `ORF_FKIndex5` (`AG_description_ID_AG_description`),
  KEY `Tnp_description_ID_Tnp_description` (`Tnp_description_ID_Tnp_description`),
  CONSTRAINT `orf_ibfk_1` FOREIGN KEY (`Element_transposable_ID_ET`) REFERENCES `element_transposable` (`ID_ET`) ON DELETE CASCADE ON UPDATE CASCADE,
  CONSTRAINT `orf_ibfk_3` FOREIGN KEY (`Element_transposable_ID_ET`) REFERENCES `element_transposable` (`ID_ET`) ON DELETE CASCADE ON UPDATE CASCADE,
  CONSTRAINT `orf_ibfk_4` FOREIGN KEY (`Tnp_chemestry_ID_Tnp_chemestry`) REFERENCES `tnp_chemestry` (`ID_Tnp_chemestry`) ON DELETE SET NULL ON UPDATE CASCADE,
  CONSTRAINT `orf_ibfk_5` FOREIGN KEY (`AG_description_ID_AG_description`) REFERENCES `ag_description` (`ID_AG_description`) ON DELETE SET NULL ON UPDATE CASCADE,
  CONSTRAINT `orf_ibfk_6` FOREIGN KEY (`PG_function_ID_PG_function`) REFERENCES `pg_function` (`ID_PG_function`) ON DELETE SET NULL ON UPDATE CASCADE,
  CONSTRAINT `orf_ibfk_7` FOREIGN KEY (`Tnp_description_ID_Tnp_description`) REFERENCES `tnp_description` (`ID_Tnp_description`) ON DELETE SET NULL ON UPDATE CASCADE
) ENGINE=InnoDB DEFAULT CHARSET=latin1 COLLATE=latin1_swedish_ci;


DROP TABLE IF EXISTS `orf_has_orf_modification`;
CREATE TABLE `orf_has_orf_modification` (
  `ORF_ID_ORF` int(10) unsigned NOT NULL,
  `ORF_Modification_ID_ORF_Modification` int(10) unsigned NOT NULL,
  `Modification_Date` date DEFAULT NULL,
  `Modification` text DEFAULT NULL,
  PRIMARY KEY (`ORF_ID_ORF`,`ORF_Modification_ID_ORF_Modification`),
  KEY `ORF_has_ORF_Modification_FKIndex1` (`ORF_ID_ORF`),
  KEY `ORF_has_ORF_Modification_FKIndex2` (`ORF_Modification_ID_ORF_Modification`),
  CONSTRAINT `orf_has_orf_modification_ibfk_1` FOREIGN KEY (`ORF_ID_ORF`) REFERENCES `orf` (`ID_ORF`),
  CONSTRAINT `orf_has_orf_modification_ibfk_2` FOREIGN KEY (`ORF_Modification_ID_ORF_Modification`) REFERENCES `orf_modification` (`ID_ORF_Modification`)
) ENGINE=InnoDB DEFAULT CHARSET=latin1 COLLATE=latin1_swedish_ci;


DROP TABLE IF EXISTS `orf_modification`;
CREATE TABLE `orf_modification` (
  `ID_ORF_Modification` int(10) unsigned NOT NULL AUTO_INCREMENT,
  `ORF_Modification_Begin` int(10) unsigned DEFAULT NULL,
  `ORF_End` int(10) unsigned DEFAULT NULL,
  `Frame` text DEFAULT NULL,
  `ORF_Sequence` text DEFAULT NULL,
  `ORF_Comment` varchar(255) DEFAULT NULL,
  `ORF_Length_DNA` int(10) unsigned DEFAULT NULL,
  `ORF_Length_AA` int(10) unsigned DEFAULT NULL,
  `ORF_Blast_Result` text DEFAULT NULL,
  PRIMARY KEY (`ID_ORF_Modification`)
) ENGINE=InnoDB DEFAULT CHARSET=latin1 COLLATE=latin1_swedish_ci;


DROP TABLE IF EXISTS `parent_link`;
CREATE TABLE `parent_link` (
  `Element_transposable_ID_ET` int(10) unsigned NOT NULL,
  `Element_transposable_parent_ID_ET` varchar(100) NOT NULL COMMENT 'Le parent est tj un IS',
  KEY `Element_transposable_has_Element_transposable_FKIndex1` (`Element_transposable_ID_ET`),
  KEY `Element_transposable_parent_ID_ET` (`Element_transposable_parent_ID_ET`),
  CONSTRAINT `parent_link_ibfk_1` FOREIGN KEY (`Element_transposable_ID_ET`) REFERENCES `element_transposable` (`ID_ET`) ON DELETE CASCADE ON UPDATE CASCADE,
  CONSTRAINT `parent_link_ibfk_4` FOREIGN KEY (`Element_transposable_ID_ET`) REFERENCES `element_transposable` (`ID_ET`) ON DELETE CASCADE ON UPDATE CASCADE
) ENGINE=InnoDB DEFAULT CHARSET=latin1 COLLATE=latin1_swedish_ci;


DROP TABLE IF EXISTS `pg_function`;
CREATE TABLE `pg_function` (
  `ID_PG_function` int(10) unsigned NOT NULL AUTO_INCREMENT,
  `function` varchar(50) CHARACTER SET utf8mb3 COLLATE utf8mb3_general_ci NOT NULL COMMENT 'Si ORF_function=PG',
  PRIMARY KEY (`ID_PG_function`)
) ENGINE=InnoDB DEFAULT CHARSET=latin1 COLLATE=latin1_general_ci;

INSERT INTO `pg_function` (`ID_PG_function`, `function`) VALUES
(1,	'Antibiotic resistance'),
(2,	'Transcriptional Regulator factor');

DROP TABLE IF EXISTS `request_names`;
CREATE TABLE `request_names` (
  `ID_Request_names` int(10) unsigned NOT NULL AUTO_INCREMENT,
  `bact_origin` varchar(100) CHARACTER SET latin1 COLLATE latin1_swedish_ci NOT NULL,
  `submiters_ID_Submiter` int(10) unsigned NOT NULL,
  `comments_author` text CHARACTER SET latin1 COLLATE latin1_swedish_ci DEFAULT NULL,
  `nbr_names` tinyint(4) NOT NULL DEFAULT 1,
  `MGE_type` int(10) unsigned NOT NULL,
  `date_demande` date NOT NULL,
  `validation` tinyint(1) DEFAULT 0 COMMENT 'passe à 1 quand la demande a été prise en compte',
  PRIMARY KEY (`ID_Request_names`),
  KEY `submiters_ID_Submiter` (`submiters_ID_Submiter`),
  KEY `MGE_type` (`MGE_type`),
  CONSTRAINT `request_names_ibfk_1` FOREIGN KEY (`submiters_ID_Submiter`) REFERENCES `submiters` (`ID_Submiter`) ON UPDATE CASCADE,
  CONSTRAINT `request_names_ibfk_2` FOREIGN KEY (`MGE_type`) REFERENCES `type_element_transposable` (`ID_Type_ET`) ON UPDATE CASCADE
) ENGINE=InnoDB DEFAULT CHARSET=utf8mb3 COLLATE=utf8mb3_general_ci;


DROP TABLE IF EXISTS `submission`;
CREATE TABLE `submission` (
  `Submiters_ID_Submiter` int(10) unsigned NOT NULL,
  `Element_transposable_ID_ET` int(10) unsigned NOT NULL,
  `Submission_date` date DEFAULT NULL,
  `Validation_Date` date DEFAULT NULL,
  PRIMARY KEY (`Submiters_ID_Submiter`,`Element_transposable_ID_ET`),
  KEY `ET_Submiter_has_Element_transposable_FKIndex1` (`Submiters_ID_Submiter`),
  KEY `ET_Submiter_has_Element_transposable_FKIndex2` (`Element_transposable_ID_ET`),
  CONSTRAINT `submission_ibfk_1` FOREIGN KEY (`Element_transposable_ID_ET`) REFERENCES `element_transposable` (`ID_ET`) ON UPDATE CASCADE,
  CONSTRAINT `submission_ibfk_4` FOREIGN KEY (`Element_transposable_ID_ET`) REFERENCES `element_transposable` (`ID_ET`) ON DELETE CASCADE ON UPDATE CASCADE,
  CONSTRAINT `submission_ibfk_5` FOREIGN KEY (`Submiters_ID_Submiter`) REFERENCES `submiters` (`ID_Submiter`) ON DELETE CASCADE ON UPDATE CASCADE
) ENGINE=InnoDB DEFAULT CHARSET=utf8mb3 COLLATE=utf8mb3_general_ci;


DROP TABLE IF EXISTS `submiters`;
CREATE TABLE `submiters` (
  `ID_Submiter` int(10) unsigned NOT NULL AUTO_INCREMENT,
  `Firstname` varchar(25) DEFAULT NULL COMMENT 'Prénom',
  `Middlename` varchar(25) DEFAULT NULL,
  `Lastname` varchar(25) NOT NULL COMMENT 'Nom',
  `Institution` text DEFAULT NULL,
  `Department` text DEFAULT NULL,
  `Address` text DEFAULT NULL,
  `Code` text DEFAULT NULL,
  `Country` text DEFAULT NULL,
  `Mail` text CHARACTER SET latin1 COLLATE latin1_swedish_ci DEFAULT NULL,
  `Phone` varchar(25) CHARACTER SET latin1 COLLATE latin1_swedish_ci DEFAULT NULL,
  `Fax` text CHARACTER SET latin1 COLLATE latin1_swedish_ci DEFAULT NULL,
  `ISfinder` enum('Edith','Patricia') CHARACTER SET latin1 COLLATE latin1_swedish_ci DEFAULT NULL,
  PRIMARY KEY (`ID_Submiter`)
) ENGINE=InnoDB DEFAULT CHARSET=utf8mb3 COLLATE=utf8mb3_general_ci;


DROP TABLE IF EXISTS `synonyme`;
CREATE TABLE `synonyme` (
  `ID_Synonyme` int(10) unsigned NOT NULL AUTO_INCREMENT,
  `Element_transposable_ID_ET` int(10) unsigned NOT NULL,
  `Synonyme` varchar(100) NOT NULL,
  PRIMARY KEY (`ID_Synonyme`),
  KEY `Element_transposable_ID_ET` (`Element_transposable_ID_ET`),
  CONSTRAINT `synonyme_ibfk_1` FOREIGN KEY (`Element_transposable_ID_ET`) REFERENCES `element_transposable` (`ID_ET`) ON DELETE CASCADE ON UPDATE CASCADE
) ENGINE=InnoDB DEFAULT CHARSET=utf8mb3 COLLATE=utf8mb3_general_ci;


DROP TABLE IF EXISTS `tnp_chemestry`;
CREATE TABLE `tnp_chemestry` (
  `ID_Tnp_chemestry` int(10) unsigned NOT NULL AUTO_INCREMENT,
  `chemestry` varchar(20) CHARACTER SET latin1 COLLATE latin1_general_ci NOT NULL,
  PRIMARY KEY (`ID_Tnp_chemestry`)
) ENGINE=InnoDB DEFAULT CHARSET=utf8mb3 COLLATE=utf8mb3_general_ci;

INSERT INTO `tnp_chemestry` (`ID_Tnp_chemestry`, `chemestry`) VALUES
(1,	'DDE'),
(2,	'DEDD'),
(3,	'Y1'),
(4,	'Y2'),
(5,	'Serine'),
(6,	'Unknow');

DROP TABLE IF EXISTS `tnp_description`;
CREATE TABLE `tnp_description` (
  `ID_Tnp_description` int(10) unsigned NOT NULL AUTO_INCREMENT,
  `part_transposase` varchar(40) DEFAULT NULL,
  PRIMARY KEY (`ID_Tnp_description`)
) ENGINE=InnoDB DEFAULT CHARSET=utf8mb3 COLLATE=utf8mb3_general_ci;

INSERT INTO `tnp_description` (`ID_Tnp_description`, `part_transposase`) VALUES
(1,	'First part of the transposase'),
(2,	'Second part of the transposase');

DROP TABLE IF EXISTS `type_element_transposable`;
CREATE TABLE `type_element_transposable` (
  `ID_Type_ET` int(10) unsigned NOT NULL AUTO_INCREMENT,
  `Type_ET` varchar(20) CHARACTER SET latin1 COLLATE latin1_swedish_ci NOT NULL,
  PRIMARY KEY (`ID_Type_ET`)
) ENGINE=InnoDB DEFAULT CHARSET=utf8mb3 COLLATE=utf8mb3_general_ci;

INSERT INTO `type_element_transposable` (`ID_Type_ET`, `Type_ET`) VALUES
(1,	'IS'),
(2,	'MITE'),
(3,	'Transposon'),
(4,	'MIC'),
(5,	'tIS');

-- 2026-01-22 11:10:28
